{"Timestamp":105080.686368,"Documents":3,"Frames":2,"JSEventListeners":18811,"Nodes":438,"LayoutCount":36,"RecalcStyleCount":245,"LayoutDuration":0.107599,"RecalcStyleDuration":0.036457,"ScriptDuration":0.932915,"TaskDuration":77.187329,"JSHeapUsedSize":1102954920,"JSHeapTotalSize":1176432640}
{"Timestamp":105162.861225,"Documents":3,"Frames":2,"JSEventListeners":18812,"Nodes":438,"LayoutCount":36,"RecalcStyleCount":251,"LayoutDuration":0.111786,"RecalcStyleDuration":0.038494,"ScriptDuration":0.961083,"TaskDuration":80.02288,"JSHeapUsedSize":1102807756,"JSHeapTotalSize":1175908352}
{"Timestamp":105242.647675,"Documents":3,"Frames":2,"JSEventListeners":18812,"Nodes":438,"LayoutCount":37,"RecalcStyleCount":250,"LayoutDuration":0.10791,"RecalcStyleDuration":0.03574,"ScriptDuration":0.750316,"TaskDuration":77.488109,"JSHeapUsedSize":1102485352,"JSHeapTotalSize":1175384064}
{"Timestamp":105322.186939,"Documents":3,"Frames":2,"JSEventListeners":18812,"Nodes":438,"LayoutCount":43,"RecalcStyleCount":243,"LayoutDuration":0.105666,"RecalcStyleDuration":0.040139,"ScriptDuration":0.768738,"TaskDuration":77.416282,"JSHeapUsedSize":1102110680,"JSHeapTotalSize":1175908352}
{"Timestamp":105401.796561,"Documents":3,"Frames":2,"JSEventListeners":18811,"Nodes":438,"LayoutCount":37,"RecalcStyleCount":248,"LayoutDuration":0.108512,"RecalcStyleDuration":0.036008,"ScriptDuration":0.743127,"TaskDuration":77.434186,"JSHeapUsedSize":1102643768,"JSHeapTotalSize":1175908352}
{"Timestamp":105482.672267,"Documents":3,"Frames":2,"JSEventListeners":18812,"Nodes":438,"LayoutCount":38,"RecalcStyleCount":251,"LayoutDuration":0.108766,"RecalcStyleDuration":0.035538,"ScriptDuration":0.910809,"TaskDuration":78.673538,"JSHeapUsedSize":1102379632,"JSHeapTotalSize":1173811200}
{"Timestamp":105561.105198,"Documents":3,"Frames":2,"JSEventListeners":18812,"Nodes":438,"LayoutCount":36,"RecalcStyleCount":251,"LayoutDuration":0.109522,"RecalcStyleDuration":0.035955,"ScriptDuration":0.970954,"TaskDuration":76.191598,"JSHeapUsedSize":1102331520,"JSHeapTotalSize":1175908352}
{"Timestamp":105641.286935,"Documents":3,"Frames":2,"JSEventListeners":18811,"Nodes":438,"LayoutCount":43,"RecalcStyleCount":249,"LayoutDuration":0.106162,"RecalcStyleDuration":0.037735,"ScriptDuration":0.898155,"TaskDuration":78.037225,"JSHeapUsedSize":1102970856,"JSHeapTotalSize":1178267648}
{"Timestamp":105723.984239,"Documents":3,"Frames":2,"JSEventListeners":18812,"Nodes":438,"LayoutCount":39,"RecalcStyleCount":246,"LayoutDuration":0.107389,"RecalcStyleDuration":0.034999,"ScriptDuration":0.829241,"TaskDuration":80.395873,"JSHeapUsedSize":1102215372,"JSHeapTotalSize":1177219072}
{"Timestamp":105802.954894,"Documents":3,"Frames":2,"JSEventListeners":18811,"Nodes":438,"LayoutCount":35,"RecalcStyleCount":233,"LayoutDuration":0.110008,"RecalcStyleDuration":0.035227,"ScriptDuration":0.776916,"TaskDuration":76.957853,"JSHeapUsedSize":1103715192,"JSHeapTotalSize":1174335488}
