{"Timestamp":115069.680502,"Documents":3,"Frames":2,"JSEventListeners":18812,"Nodes":440,"LayoutCount":33,"RecalcStyleCount":239,"LayoutDuration":0.12599,"RecalcStyleDuration":0.035417,"ScriptDuration":0.887073,"TaskDuration":61.720679,"JSHeapUsedSize":1011812352,"JSHeapTotalSize":1065349120}
{"Timestamp":115131.682366,"Documents":3,"Frames":2,"JSEventListeners":18812,"Nodes":440,"LayoutCount":34,"RecalcStyleCount":244,"LayoutDuration":0.103051,"RecalcStyleDuration":0.03201,"ScriptDuration":0.826937,"TaskDuration":59.822427,"JSHeapUsedSize":1011866744,"JSHeapTotalSize":1065611264}
{"Timestamp":115195.659277,"Documents":3,"Frames":2,"JSEventListeners":18812,"Nodes":440,"LayoutCount":37,"RecalcStyleCount":255,"LayoutDuration":0.104588,"RecalcStyleDuration":0.18143,"ScriptDuration":1.223218,"TaskDuration":61.668166,"JSHeapUsedSize":1014719332,"JSHeapTotalSize":1065349120}
{"Timestamp":115256.282561,"Documents":3,"Frames":2,"JSEventListeners":18812,"Nodes":440,"LayoutCount":37,"RecalcStyleCount":243,"LayoutDuration":0.109679,"RecalcStyleDuration":0.035762,"ScriptDuration":0.744593,"TaskDuration":58.330723,"JSHeapUsedSize":1016112608,"JSHeapTotalSize":1068232704}
{"Timestamp":115319.280264,"Documents":3,"Frames":2,"JSEventListeners":18812,"Nodes":440,"LayoutCount":36,"RecalcStyleCount":250,"LayoutDuration":0.111759,"RecalcStyleDuration":0.038784,"ScriptDuration":0.954081,"TaskDuration":60.797331,"JSHeapUsedSize":1015775452,"JSHeapTotalSize":1066921984}
{"Timestamp":115381.779763,"Documents":3,"Frames":2,"JSEventListeners":18812,"Nodes":440,"LayoutCount":34,"RecalcStyleCount":238,"LayoutDuration":0.109623,"RecalcStyleDuration":0.037366,"ScriptDuration":0.824262,"TaskDuration":60.315591,"JSHeapUsedSize":1014711416,"JSHeapTotalSize":1066135552}
{"Timestamp":115443.527455,"Documents":3,"Frames":2,"JSEventListeners":18812,"Nodes":440,"LayoutCount":35,"RecalcStyleCount":241,"LayoutDuration":0.108393,"RecalcStyleDuration":0.032226,"ScriptDuration":0.759825,"TaskDuration":59.588148,"JSHeapUsedSize":1011666484,"JSHeapTotalSize":1065873408}
{"Timestamp":115505.828668,"Documents":3,"Frames":2,"JSEventListeners":18812,"Nodes":440,"LayoutCount":36,"RecalcStyleCount":253,"LayoutDuration":0.10856,"RecalcStyleDuration":0.036524,"ScriptDuration":1.038588,"TaskDuration":60.065932,"JSHeapUsedSize":1013028224,"JSHeapTotalSize":1065873408}
{"Timestamp":115568.511489,"Documents":3,"Frames":2,"JSEventListeners":18812,"Nodes":440,"LayoutCount":33,"RecalcStyleCount":242,"LayoutDuration":0.108977,"RecalcStyleDuration":0.036261,"ScriptDuration":0.768199,"TaskDuration":60.461931,"JSHeapUsedSize":1011749088,"JSHeapTotalSize":1065349120}
{"Timestamp":115632.460575,"Documents":3,"Frames":2,"JSEventListeners":18812,"Nodes":440,"LayoutCount":32,"RecalcStyleCount":251,"LayoutDuration":0.103823,"RecalcStyleDuration":0.038323,"ScriptDuration":0.837199,"TaskDuration":61.724653,"JSHeapUsedSize":1011832220,"JSHeapTotalSize":1065349120}
