{"Timestamp":112936.644523,"Documents":1,"Frames":1,"JSEventListeners":223,"Nodes":2423,"LayoutCount":54,"RecalcStyleCount":77,"LayoutDuration":0.05043,"RecalcStyleDuration":0.026198,"ScriptDuration":0.304472,"TaskDuration":110.349463,"JSHeapUsedSize":2409153932,"JSHeapTotalSize":2634866688}
{"Timestamp":113045.868448,"Documents":1,"Frames":1,"JSEventListeners":223,"Nodes":2423,"LayoutCount":54,"RecalcStyleCount":77,"LayoutDuration":0.053684,"RecalcStyleDuration":0.02589,"ScriptDuration":0.302061,"TaskDuration":108.51359,"JSHeapUsedSize":2011895436,"JSHeapTotalSize":2729926656}
{"Timestamp":113152.719673,"Documents":1,"Frames":1,"JSEventListeners":231,"Nodes":2447,"LayoutCount":62,"RecalcStyleCount":93,"LayoutDuration":0.05344,"RecalcStyleDuration":0.02772,"ScriptDuration":0.312615,"TaskDuration":106.083726,"JSHeapUsedSize":1873262472,"JSHeapTotalSize":1981775872}
{"Timestamp":113270.783105,"Documents":1,"Frames":1,"JSEventListeners":231,"Nodes":2447,"LayoutCount":62,"RecalcStyleCount":93,"LayoutDuration":0.048264,"RecalcStyleDuration":0.026264,"ScriptDuration":0.333993,"TaskDuration":115.943055,"JSHeapUsedSize":2806995724,"JSHeapTotalSize":3005169664}
{"Timestamp":113392.293326,"Documents":1,"Frames":1,"JSEventListeners":231,"Nodes":2447,"LayoutCount":62,"RecalcStyleCount":93,"LayoutDuration":0.049918,"RecalcStyleDuration":0.027421,"ScriptDuration":0.310413,"TaskDuration":111.416377,"JSHeapUsedSize":1861946180,"JSHeapTotalSize":1979461632}
{"Timestamp":113501.893327,"Documents":1,"Frames":1,"JSEventListeners":223,"Nodes":2423,"LayoutCount":54,"RecalcStyleCount":77,"LayoutDuration":0.04899,"RecalcStyleDuration":0.026118,"ScriptDuration":0.326466,"TaskDuration":107.489797,"JSHeapUsedSize":1788458416,"JSHeapTotalSize":1952849920}
{"Timestamp":113616.336725,"Documents":1,"Frames":1,"JSEventListeners":231,"Nodes":2447,"LayoutCount":62,"RecalcStyleCount":93,"LayoutDuration":0.050961,"RecalcStyleDuration":0.027772,"ScriptDuration":0.32165,"TaskDuration":113.707142,"JSHeapUsedSize":2482957112,"JSHeapTotalSize":2676854784}
{"Timestamp":113734.623598,"Documents":1,"Frames":1,"JSEventListeners":229,"Nodes":2437,"LayoutCount":60,"RecalcStyleCount":90,"LayoutDuration":0.049845,"RecalcStyleDuration":0.027352,"ScriptDuration":0.314071,"TaskDuration":115.918845,"JSHeapUsedSize":1679069708,"JSHeapTotalSize":2732695552}
{"Timestamp":113851.999997,"Documents":1,"Frames":1,"JSEventListeners":231,"Nodes":2447,"LayoutCount":62,"RecalcStyleCount":94,"LayoutDuration":0.05315,"RecalcStyleDuration":0.026297,"ScriptDuration":0.303805,"TaskDuration":114.694191,"JSHeapUsedSize":2060906712,"JSHeapTotalSize":2740076544}
{"Timestamp":113973.401611,"Documents":1,"Frames":1,"JSEventListeners":231,"Nodes":2447,"LayoutCount":62,"RecalcStyleCount":93,"LayoutDuration":0.04868,"RecalcStyleDuration":0.026893,"ScriptDuration":0.314268,"TaskDuration":112.404959,"JSHeapUsedSize":2504881676,"JSHeapTotalSize":2693021696}
