{"Timestamp":118034.967188,"Documents":1,"Frames":1,"JSEventListeners":231,"Nodes":2222,"LayoutCount":62,"RecalcStyleCount":94,"LayoutDuration":0.048938,"RecalcStyleDuration":0.025477,"ScriptDuration":0.313441,"TaskDuration":108.209298,"JSHeapUsedSize":1806728936,"JSHeapTotalSize":2817646592}
{"Timestamp":118141.413472,"Documents":1,"Frames":1,"JSEventListeners":229,"Nodes":2224,"LayoutCount":60,"RecalcStyleCount":89,"LayoutDuration":0.054176,"RecalcStyleDuration":0.025312,"ScriptDuration":0.325139,"TaskDuration":105.529047,"JSHeapUsedSize":1633129192,"JSHeapTotalSize":2017718272}
{"Timestamp":118245.297755,"Documents":1,"Frames":1,"JSEventListeners":223,"Nodes":2207,"LayoutCount":54,"RecalcStyleCount":78,"LayoutDuration":0.048273,"RecalcStyleDuration":0.025428,"ScriptDuration":0.304929,"TaskDuration":101.927184,"JSHeapUsedSize":1894056904,"JSHeapTotalSize":2872107008}
{"Timestamp":118350.06841,"Documents":1,"Frames":1,"JSEventListeners":223,"Nodes":2207,"LayoutCount":54,"RecalcStyleCount":78,"LayoutDuration":0.049145,"RecalcStyleDuration":0.023838,"ScriptDuration":0.306826,"TaskDuration":103.925243,"JSHeapUsedSize":2094632172,"JSHeapTotalSize":2825396224}
{"Timestamp":118458.159602,"Documents":1,"Frames":1,"JSEventListeners":229,"Nodes":2225,"LayoutCount":60,"RecalcStyleCount":89,"LayoutDuration":0.048607,"RecalcStyleDuration":0.024579,"ScriptDuration":0.299646,"TaskDuration":107.142096,"JSHeapUsedSize":2093994192,"JSHeapTotalSize":2863251456}
{"Timestamp":118559.205968,"Documents":1,"Frames":1,"JSEventListeners":223,"Nodes":2207,"LayoutCount":54,"RecalcStyleCount":78,"LayoutDuration":0.046115,"RecalcStyleDuration":0.024095,"ScriptDuration":0.298277,"TaskDuration":99.198863,"JSHeapUsedSize":2219935056,"JSHeapTotalSize":2797436928}
{"Timestamp":118665.358585,"Documents":1,"Frames":1,"JSEventListeners":231,"Nodes":2231,"LayoutCount":62,"RecalcStyleCount":94,"LayoutDuration":0.049517,"RecalcStyleDuration":0.026433,"ScriptDuration":0.315604,"TaskDuration":105.271269,"JSHeapUsedSize":2169295580,"JSHeapTotalSize":2851356672}
{"Timestamp":118768.556544,"Documents":1,"Frames":1,"JSEventListeners":223,"Nodes":2201,"LayoutCount":54,"RecalcStyleCount":77,"LayoutDuration":0.050312,"RecalcStyleDuration":0.024043,"ScriptDuration":0.304972,"TaskDuration":102.35388,"JSHeapUsedSize":1757158568,"JSHeapTotalSize":2837381120}
{"Timestamp":118878.006139,"Documents":1,"Frames":1,"JSEventListeners":231,"Nodes":2231,"LayoutCount":62,"RecalcStyleCount":93,"LayoutDuration":0.048855,"RecalcStyleDuration":0.024511,"ScriptDuration":0.329148,"TaskDuration":108.506504,"JSHeapUsedSize":2319297800,"JSHeapTotalSize":2827956224}
{"Timestamp":118987.974379,"Documents":1,"Frames":1,"JSEventListeners":229,"Nodes":2225,"LayoutCount":60,"RecalcStyleCount":89,"LayoutDuration":0.048459,"RecalcStyleDuration":0.025239,"ScriptDuration":0.309137,"TaskDuration":108.982368,"JSHeapUsedSize":2076289812,"JSHeapTotalSize":2862665728}
