{"Timestamp":84925.044104,"Documents":1,"Frames":1,"JSEventListeners":248,"Nodes":2564,"LayoutCount":86,"RecalcStyleCount":124,"LayoutDuration":0.056777,"RecalcStyleDuration":0.033825,"ScriptDuration":0.414232,"TaskDuration":188.659396,"JSHeapUsedSize":1127647836,"JSHeapTotalSize":2392367104}
{"Timestamp":85114.541352,"Documents":1,"Frames":1,"JSEventListeners":248,"Nodes":2564,"LayoutCount":86,"RecalcStyleCount":124,"LayoutDuration":0.055875,"RecalcStyleDuration":0.034001,"ScriptDuration":0.419089,"TaskDuration":188.679691,"JSHeapUsedSize":1350731476,"JSHeapTotalSize":2737942528}
{"Timestamp":85307.203344,"Documents":1,"Frames":1,"JSEventListeners":248,"Nodes":2564,"LayoutCount":86,"RecalcStyleCount":124,"LayoutDuration":0.056939,"RecalcStyleDuration":0.033951,"ScriptDuration":0.427743,"TaskDuration":191.831343,"JSHeapUsedSize":1203976856,"JSHeapTotalSize":2557104128}
{"Timestamp":85495.549571,"Documents":1,"Frames":1,"JSEventListeners":248,"Nodes":2566,"LayoutCount":86,"RecalcStyleCount":124,"LayoutDuration":0.055843,"RecalcStyleDuration":0.033401,"ScriptDuration":0.407904,"TaskDuration":187.49002,"JSHeapUsedSize":1466357824,"JSHeapTotalSize":2616905728}
{"Timestamp":85684.603862,"Documents":1,"Frames":1,"JSEventListeners":248,"Nodes":2566,"LayoutCount":86,"RecalcStyleCount":124,"LayoutDuration":0.058765,"RecalcStyleDuration":0.034808,"ScriptDuration":0.419907,"TaskDuration":188.191832,"JSHeapUsedSize":1474402384,"JSHeapTotalSize":2643623936}
{"Timestamp":85868.095448,"Documents":1,"Frames":1,"JSEventListeners":248,"Nodes":2568,"LayoutCount":86,"RecalcStyleCount":125,"LayoutDuration":0.055196,"RecalcStyleDuration":0.034062,"ScriptDuration":0.418174,"TaskDuration":182.653668,"JSHeapUsedSize":1954280776,"JSHeapTotalSize":2970132480}
{"Timestamp":86055.925943,"Documents":1,"Frames":1,"JSEventListeners":248,"Nodes":2566,"LayoutCount":86,"RecalcStyleCount":124,"LayoutDuration":0.057235,"RecalcStyleDuration":0.033101,"ScriptDuration":0.418525,"TaskDuration":187.002364,"JSHeapUsedSize":1525696560,"JSHeapTotalSize":2746040320}
{"Timestamp":86239.404155,"Documents":1,"Frames":1,"JSEventListeners":248,"Nodes":2568,"LayoutCount":86,"RecalcStyleCount":125,"LayoutDuration":0.05343,"RecalcStyleDuration":0.034301,"ScriptDuration":0.410714,"TaskDuration":182.671477,"JSHeapUsedSize":1925236776,"JSHeapTotalSize":2883715072}
{"Timestamp":86423.722833,"Documents":1,"Frames":1,"JSEventListeners":248,"Nodes":2570,"LayoutCount":86,"RecalcStyleCount":124,"LayoutDuration":0.055983,"RecalcStyleDuration":0.03449,"ScriptDuration":0.414541,"TaskDuration":183.547832,"JSHeapUsedSize":2229923616,"JSHeapTotalSize":3092742144}
{"Timestamp":86607.871513,"Documents":1,"Frames":1,"JSEventListeners":248,"Nodes":2570,"LayoutCount":86,"RecalcStyleCount":124,"LayoutDuration":0.056225,"RecalcStyleDuration":0.033309,"ScriptDuration":0.413778,"TaskDuration":183.31189,"JSHeapUsedSize":2146170620,"JSHeapTotalSize":3100831744}
