{"Timestamp":90765.26987,"Documents":1,"Frames":1,"JSEventListeners":267,"Nodes":2406,"LayoutCount":81,"RecalcStyleCount":111,"LayoutDuration":0.055391,"RecalcStyleDuration":0.0325,"ScriptDuration":0.893233,"TaskDuration":235.592236,"JSHeapUsedSize":2275864272,"JSHeapTotalSize":2616307712}
{"Timestamp":90995.639404,"Documents":1,"Frames":1,"JSEventListeners":267,"Nodes":2406,"LayoutCount":81,"RecalcStyleCount":112,"LayoutDuration":0.056961,"RecalcStyleDuration":0.032972,"ScriptDuration":0.885155,"TaskDuration":229.513193,"JSHeapUsedSize":2276405236,"JSHeapTotalSize":2589814784}
{"Timestamp":91227.054027,"Documents":1,"Frames":1,"JSEventListeners":267,"Nodes":2406,"LayoutCount":81,"RecalcStyleCount":111,"LayoutDuration":0.055934,"RecalcStyleDuration":0.031495,"ScriptDuration":0.871196,"TaskDuration":230.564507,"JSHeapUsedSize":2277418700,"JSHeapTotalSize":2627932160}
{"Timestamp":91457.147627,"Documents":1,"Frames":1,"JSEventListeners":267,"Nodes":2406,"LayoutCount":81,"RecalcStyleCount":111,"LayoutDuration":0.054494,"RecalcStyleDuration":0.032396,"ScriptDuration":0.885106,"TaskDuration":229.178024,"JSHeapUsedSize":2274950736,"JSHeapTotalSize":2610593792}
{"Timestamp":91688.151123,"Documents":1,"Frames":1,"JSEventListeners":267,"Nodes":2406,"LayoutCount":81,"RecalcStyleCount":111,"LayoutDuration":0.055099,"RecalcStyleDuration":0.032885,"ScriptDuration":0.888664,"TaskDuration":230.18808,"JSHeapUsedSize":2276714844,"JSHeapTotalSize":2622779392}
{"Timestamp":91914.807504,"Documents":1,"Frames":1,"JSEventListeners":267,"Nodes":2406,"LayoutCount":81,"RecalcStyleCount":111,"LayoutDuration":0.055275,"RecalcStyleDuration":0.031907,"ScriptDuration":0.883876,"TaskDuration":225.731821,"JSHeapUsedSize":2274629940,"JSHeapTotalSize":2638921728}
{"Timestamp":92146.278375,"Documents":1,"Frames":1,"JSEventListeners":267,"Nodes":2406,"LayoutCount":81,"RecalcStyleCount":111,"LayoutDuration":0.055171,"RecalcStyleDuration":0.032186,"ScriptDuration":0.911672,"TaskDuration":230.546647,"JSHeapUsedSize":2276611720,"JSHeapTotalSize":2612101120}
{"Timestamp":92377.819289,"Documents":1,"Frames":1,"JSEventListeners":267,"Nodes":2406,"LayoutCount":81,"RecalcStyleCount":111,"LayoutDuration":0.056316,"RecalcStyleDuration":0.032553,"ScriptDuration":0.941703,"TaskDuration":230.611707,"JSHeapUsedSize":2275710992,"JSHeapTotalSize":2670804992}
{"Timestamp":92606.784124,"Documents":1,"Frames":1,"JSEventListeners":267,"Nodes":2406,"LayoutCount":81,"RecalcStyleCount":111,"LayoutDuration":0.058517,"RecalcStyleDuration":0.032629,"ScriptDuration":0.878199,"TaskDuration":228.055528,"JSHeapUsedSize":2277133212,"JSHeapTotalSize":2648682496}
{"Timestamp":92837.628041,"Documents":1,"Frames":1,"JSEventListeners":267,"Nodes":2406,"LayoutCount":81,"RecalcStyleCount":112,"LayoutDuration":0.05445,"RecalcStyleDuration":0.032189,"ScriptDuration":0.894002,"TaskDuration":229.946235,"JSHeapUsedSize":2276890524,"JSHeapTotalSize":2672758784}
