{"Timestamp":102280.844004,"Documents":3,"Frames":2,"JSEventListeners":15168,"Nodes":460,"LayoutCount":30,"RecalcStyleCount":196,"LayoutDuration":0.109002,"RecalcStyleDuration":0.031563,"ScriptDuration":0.688519,"TaskDuration":39.444333,"JSHeapUsedSize":600138308,"JSHeapTotalSize":639479808}
{"Timestamp":102321.255618,"Documents":3,"Frames":2,"JSEventListeners":15168,"Nodes":460,"LayoutCount":34,"RecalcStyleCount":194,"LayoutDuration":0.108729,"RecalcStyleDuration":0.031587,"ScriptDuration":0.652183,"TaskDuration":38.033973,"JSHeapUsedSize":600138200,"JSHeapTotalSize":638955520}
{"Timestamp":102363.080967,"Documents":3,"Frames":2,"JSEventListeners":15168,"Nodes":460,"LayoutCount":29,"RecalcStyleCount":194,"LayoutDuration":0.106724,"RecalcStyleDuration":0.030938,"ScriptDuration":0.704786,"TaskDuration":39.433175,"JSHeapUsedSize":600481208,"JSHeapTotalSize":639479808}
{"Timestamp":102405.334991,"Documents":3,"Frames":2,"JSEventListeners":15168,"Nodes":460,"LayoutCount":30,"RecalcStyleCount":196,"LayoutDuration":0.105562,"RecalcStyleDuration":0.032129,"ScriptDuration":0.676005,"TaskDuration":39.876007,"JSHeapUsedSize":868193376,"JSHeapTotalSize":917090304}
{"Timestamp":102447.18907,"Documents":3,"Frames":2,"JSEventListeners":15163,"Nodes":460,"LayoutCount":37,"RecalcStyleCount":193,"LayoutDuration":0.10643,"RecalcStyleDuration":0.030703,"ScriptDuration":0.647971,"TaskDuration":39.474489,"JSHeapUsedSize":602295544,"JSHeapTotalSize":641576960}
{"Timestamp":102489.257058,"Documents":3,"Frames":2,"JSEventListeners":15164,"Nodes":460,"LayoutCount":29,"RecalcStyleCount":198,"LayoutDuration":0.108608,"RecalcStyleDuration":0.030447,"ScriptDuration":0.649735,"TaskDuration":39.751985,"JSHeapUsedSize":602239468,"JSHeapTotalSize":641839104}
{"Timestamp":102532.215852,"Documents":3,"Frames":2,"JSEventListeners":15165,"Nodes":460,"LayoutCount":29,"RecalcStyleCount":196,"LayoutDuration":0.102512,"RecalcStyleDuration":0.031001,"ScriptDuration":0.667686,"TaskDuration":40.551574,"JSHeapUsedSize":601937152,"JSHeapTotalSize":641839104}
{"Timestamp":102573.041225,"Documents":3,"Frames":2,"JSEventListeners":15168,"Nodes":460,"LayoutCount":30,"RecalcStyleCount":192,"LayoutDuration":0.101767,"RecalcStyleDuration":0.032079,"ScriptDuration":0.604179,"TaskDuration":38.425224,"JSHeapUsedSize":600093564,"JSHeapTotalSize":639217664}
{"Timestamp":102614.781846,"Documents":3,"Frames":2,"JSEventListeners":15165,"Nodes":460,"LayoutCount":29,"RecalcStyleCount":196,"LayoutDuration":0.103572,"RecalcStyleDuration":0.029729,"ScriptDuration":0.658246,"TaskDuration":39.364998,"JSHeapUsedSize":601930412,"JSHeapTotalSize":641314816}
{"Timestamp":102655.754508,"Documents":3,"Frames":2,"JSEventListeners":15168,"Nodes":460,"LayoutCount":30,"RecalcStyleCount":198,"LayoutDuration":0.105914,"RecalcStyleDuration":0.028302,"ScriptDuration":0.598915,"TaskDuration":38.569552,"JSHeapUsedSize":600346004,"JSHeapTotalSize":639479808}
