{"Timestamp":108656.933251,"Documents":1,"Frames":1,"JSEventListeners":223,"Nodes":2205,"LayoutCount":54,"RecalcStyleCount":77,"LayoutDuration":0.048505,"RecalcStyleDuration":0.024093,"ScriptDuration":0.313745,"TaskDuration":89.165887,"JSHeapUsedSize":1366277364,"JSHeapTotalSize":1701937152}
{"Timestamp":108747.000167,"Documents":1,"Frames":1,"JSEventListeners":223,"Nodes":2207,"LayoutCount":54,"RecalcStyleCount":78,"LayoutDuration":0.049381,"RecalcStyleDuration":0.024138,"ScriptDuration":0.325711,"TaskDuration":89.218439,"JSHeapUsedSize":1575086800,"JSHeapTotalSize":2664083456}
{"Timestamp":108833.756244,"Documents":1,"Frames":1,"JSEventListeners":223,"Nodes":2207,"LayoutCount":54,"RecalcStyleCount":78,"LayoutDuration":0.048296,"RecalcStyleDuration":0.024369,"ScriptDuration":0.317824,"TaskDuration":85.873064,"JSHeapUsedSize":2663293708,"JSHeapTotalSize":2847256576}
{"Timestamp":108925.748225,"Documents":1,"Frames":1,"JSEventListeners":223,"Nodes":2202,"LayoutCount":54,"RecalcStyleCount":78,"LayoutDuration":0.048861,"RecalcStyleDuration":0.024664,"ScriptDuration":0.322345,"TaskDuration":91.079463,"JSHeapUsedSize":1363689400,"JSHeapTotalSize":1704574976}
{"Timestamp":109012.253891,"Documents":1,"Frames":1,"JSEventListeners":223,"Nodes":2207,"LayoutCount":54,"RecalcStyleCount":77,"LayoutDuration":0.048379,"RecalcStyleDuration":0.024516,"ScriptDuration":0.331494,"TaskDuration":85.639912,"JSHeapUsedSize":2467351424,"JSHeapTotalSize":2647146496}
{"Timestamp":109098.435669,"Documents":1,"Frames":1,"JSEventListeners":223,"Nodes":2207,"LayoutCount":54,"RecalcStyleCount":78,"LayoutDuration":0.053137,"RecalcStyleDuration":0.024994,"ScriptDuration":0.32304,"TaskDuration":85.354035,"JSHeapUsedSize":2492730876,"JSHeapTotalSize":2673500160}
{"Timestamp":109185.791081,"Documents":1,"Frames":1,"JSEventListeners":223,"Nodes":2207,"LayoutCount":54,"RecalcStyleCount":78,"LayoutDuration":0.049239,"RecalcStyleDuration":0.024277,"ScriptDuration":0.337657,"TaskDuration":86.477359,"JSHeapUsedSize":2248686204,"JSHeapTotalSize":2419036160}
{"Timestamp":109271.508644,"Documents":1,"Frames":1,"JSEventListeners":230,"Nodes":2207,"LayoutCount":54,"RecalcStyleCount":78,"LayoutDuration":0.047599,"RecalcStyleDuration":0.024413,"ScriptDuration":0.325423,"TaskDuration":84.851669,"JSHeapUsedSize":1591961896,"JSHeapTotalSize":1714266112}
{"Timestamp":109359.426462,"Documents":1,"Frames":1,"JSEventListeners":223,"Nodes":2197,"LayoutCount":54,"RecalcStyleCount":78,"LayoutDuration":0.048046,"RecalcStyleDuration":0.024511,"ScriptDuration":0.273517,"TaskDuration":87.060091,"JSHeapUsedSize":1429372888,"JSHeapTotalSize":2505781248}
{"Timestamp":109443.874515,"Documents":1,"Frames":1,"JSEventListeners":223,"Nodes":2207,"LayoutCount":54,"RecalcStyleCount":77,"LayoutDuration":0.04833,"RecalcStyleDuration":0.024965,"ScriptDuration":0.334919,"TaskDuration":83.58672,"JSHeapUsedSize":2409142856,"JSHeapTotalSize":2581934080}
