{"Timestamp":64872.638962,"Documents":1,"Frames":1,"JSEventListeners":442,"Nodes":6325,"LayoutCount":173,"RecalcStyleCount":235,"LayoutDuration":0.080356,"RecalcStyleDuration":0.042751,"ScriptDuration":0.31905,"TaskDuration":63.202361,"JSHeapUsedSize":802936444,"JSHeapTotalSize":882540544}
{"Timestamp":64941.095169,"Documents":1,"Frames":1,"JSEventListeners":454,"Nodes":6327,"LayoutCount":195,"RecalcStyleCount":264,"LayoutDuration":0.086259,"RecalcStyleDuration":0.046997,"ScriptDuration":0.341684,"TaskDuration":65.156136,"JSHeapUsedSize":754564508,"JSHeapTotalSize":956645376}
{"Timestamp":65013.633167,"Documents":1,"Frames":1,"JSEventListeners":448,"Nodes":6334,"LayoutCount":183,"RecalcStyleCount":249,"LayoutDuration":0.081173,"RecalcStyleDuration":0.043857,"ScriptDuration":0.328008,"TaskDuration":65.505573,"JSHeapUsedSize":1485254060,"JSHeapTotalSize":1584820224}
{"Timestamp":65092.364219,"Documents":1,"Frames":1,"JSEventListeners":442,"Nodes":6320,"LayoutCount":173,"RecalcStyleCount":235,"LayoutDuration":0.080256,"RecalcStyleDuration":0.042469,"ScriptDuration":0.337497,"TaskDuration":70.080361,"JSHeapUsedSize":1668265184,"JSHeapTotalSize":1774804992}
{"Timestamp":65162.330315,"Documents":1,"Frames":1,"JSEventListeners":448,"Nodes":6333,"LayoutCount":183,"RecalcStyleCount":249,"LayoutDuration":0.082885,"RecalcStyleDuration":0.043126,"ScriptDuration":0.308275,"TaskDuration":66.730797,"JSHeapUsedSize":1444035192,"JSHeapTotalSize":1548754944}
{"Timestamp":65236.768512,"Documents":1,"Frames":1,"JSEventListeners":448,"Nodes":6334,"LayoutCount":183,"RecalcStyleCount":249,"LayoutDuration":0.08286,"RecalcStyleDuration":0.044866,"ScriptDuration":0.334906,"TaskDuration":65.319945,"JSHeapUsedSize":1446932180,"JSHeapTotalSize":1551581184}
{"Timestamp":65308.797254,"Documents":1,"Frames":1,"JSEventListeners":448,"Nodes":6334,"LayoutCount":183,"RecalcStyleCount":248,"LayoutDuration":0.083689,"RecalcStyleDuration":0.045853,"ScriptDuration":0.361455,"TaskDuration":63.109747,"JSHeapUsedSize":1490334932,"JSHeapTotalSize":1596366848}
{"Timestamp":65380.713558,"Documents":1,"Frames":1,"JSEventListeners":448,"Nodes":6334,"LayoutCount":183,"RecalcStyleCount":250,"LayoutDuration":0.079892,"RecalcStyleDuration":0.043872,"ScriptDuration":0.326688,"TaskDuration":63.701278,"JSHeapUsedSize":1445948076,"JSHeapTotalSize":1549230080}
{"Timestamp":65454.076691,"Documents":1,"Frames":1,"JSEventListeners":452,"Nodes":6324,"LayoutCount":191,"RecalcStyleCount":259,"LayoutDuration":0.084511,"RecalcStyleDuration":0.045402,"ScriptDuration":0.322247,"TaskDuration":64.902446,"JSHeapUsedSize":748273164,"JSHeapTotalSize":964722688}
{"Timestamp":65526.501608,"Documents":1,"Frames":1,"JSEventListeners":450,"Nodes":6317,"LayoutCount":187,"RecalcStyleCount":254,"LayoutDuration":0.082999,"RecalcStyleDuration":0.044169,"ScriptDuration":0.327591,"TaskDuration":64.622589,"JSHeapUsedSize":737791692,"JSHeapTotalSize":863117312}
