{"Timestamp":16785.089357,"Documents":1,"Frames":1,"JSEventListeners":247,"Nodes":2535,"LayoutCount":104,"RecalcStyleCount":133,"LayoutDuration":0.062372,"RecalcStyleDuration":0.034606,"ScriptDuration":0.385921,"TaskDuration":107.449879,"JSHeapUsedSize":1292955808,"JSHeapTotalSize":2249961472}
{"Timestamp":16891.810594,"Documents":1,"Frames":1,"JSEventListeners":247,"Nodes":2530,"LayoutCount":104,"RecalcStyleCount":133,"LayoutDuration":0.062522,"RecalcStyleDuration":0.034204,"ScriptDuration":0.390963,"TaskDuration":105.952515,"JSHeapUsedSize":465285512,"JSHeapTotalSize":1910214656}
{"Timestamp":16998.853299,"Documents":1,"Frames":1,"JSEventListeners":247,"Nodes":2536,"LayoutCount":104,"RecalcStyleCount":133,"LayoutDuration":0.062112,"RecalcStyleDuration":0.033696,"ScriptDuration":0.388155,"TaskDuration":106.285584,"JSHeapUsedSize":1734809924,"JSHeapTotalSize":2149261312}
{"Timestamp":17106.844257,"Documents":1,"Frames":1,"JSEventListeners":247,"Nodes":2414,"LayoutCount":87,"RecalcStyleCount":114,"LayoutDuration":0.056906,"RecalcStyleDuration":0.029261,"ScriptDuration":0.247836,"TaskDuration":107.27323,"JSHeapUsedSize":1158572940,"JSHeapTotalSize":2268491776}
{"Timestamp":17212.786319,"Documents":1,"Frames":1,"JSEventListeners":247,"Nodes":2414,"LayoutCount":87,"RecalcStyleCount":114,"LayoutDuration":0.05579,"RecalcStyleDuration":0.027779,"ScriptDuration":0.242367,"TaskDuration":105.074048,"JSHeapUsedSize":1282883144,"JSHeapTotalSize":2212306944}
{"Timestamp":17320.712943,"Documents":1,"Frames":1,"JSEventListeners":247,"Nodes":2532,"LayoutCount":104,"RecalcStyleCount":133,"LayoutDuration":0.065623,"RecalcStyleDuration":0.033872,"ScriptDuration":0.383704,"TaskDuration":107.07243,"JSHeapUsedSize":845011080,"JSHeapTotalSize":2094997504}
{"Timestamp":17427.731214,"Documents":1,"Frames":1,"JSEventListeners":247,"Nodes":2413,"LayoutCount":87,"RecalcStyleCount":115,"LayoutDuration":0.057043,"RecalcStyleDuration":0.028184,"ScriptDuration":0.250078,"TaskDuration":106.28978,"JSHeapUsedSize":1030394724,"JSHeapTotalSize":2332868608}
{"Timestamp":17536.017694,"Documents":1,"Frames":1,"JSEventListeners":247,"Nodes":2535,"LayoutCount":104,"RecalcStyleCount":133,"LayoutDuration":0.063323,"RecalcStyleDuration":0.034224,"ScriptDuration":0.379536,"TaskDuration":107.377465,"JSHeapUsedSize":1275097712,"JSHeapTotalSize":2211753984}
{"Timestamp":17642.02129,"Documents":1,"Frames":1,"JSEventListeners":247,"Nodes":2531,"LayoutCount":104,"RecalcStyleCount":132,"LayoutDuration":0.061833,"RecalcStyleDuration":0.034674,"ScriptDuration":0.376327,"TaskDuration":105.240147,"JSHeapUsedSize":672197776,"JSHeapTotalSize":2161639424}
{"Timestamp":17748.484826,"Documents":1,"Frames":1,"JSEventListeners":247,"Nodes":2536,"LayoutCount":104,"RecalcStyleCount":133,"LayoutDuration":0.064434,"RecalcStyleDuration":0.033395,"ScriptDuration":0.37061,"TaskDuration":105.731513,"JSHeapUsedSize":1718188124,"JSHeapTotalSize":2149576704}
