{"Timestamp":9236.481697,"Documents":1,"Frames":1,"JSEventListeners":393,"Nodes":5292,"LayoutCount":169,"RecalcStyleCount":233,"LayoutDuration":0.070952,"RecalcStyleDuration":0.042807,"ScriptDuration":0.518143,"TaskDuration":99.620025,"JSHeapUsedSize":1092154036,"JSHeapTotalSize":1491423232}
{"Timestamp":9394.778511,"Documents":1,"Frames":1,"JSEventListeners":393,"Nodes":5298,"LayoutCount":168,"RecalcStyleCount":232,"LayoutDuration":0.071997,"RecalcStyleDuration":0.043205,"ScriptDuration":0.540854,"TaskDuration":103.423791,"JSHeapUsedSize":1804670884,"JSHeapTotalSize":1909608448}
{"Timestamp":9552.315279,"Documents":1,"Frames":1,"JSEventListeners":393,"Nodes":5292,"LayoutCount":169,"RecalcStyleCount":234,"LayoutDuration":0.070577,"RecalcStyleDuration":0.043614,"ScriptDuration":0.521106,"TaskDuration":103.27143,"JSHeapUsedSize":1077092840,"JSHeapTotalSize":1495252992}
{"Timestamp":9707.796052,"Documents":1,"Frames":1,"JSEventListeners":393,"Nodes":5286,"LayoutCount":168,"RecalcStyleCount":233,"LayoutDuration":0.069646,"RecalcStyleDuration":0.043121,"ScriptDuration":0.523611,"TaskDuration":102.241385,"JSHeapUsedSize":683944916,"JSHeapTotalSize":1505128448}
{"Timestamp":9864.716573,"Documents":1,"Frames":1,"JSEventListeners":393,"Nodes":5297,"LayoutCount":169,"RecalcStyleCount":233,"LayoutDuration":0.073075,"RecalcStyleDuration":0.043181,"ScriptDuration":0.539745,"TaskDuration":101.912333,"JSHeapUsedSize":1556190912,"JSHeapTotalSize":1821720576}
{"Timestamp":10019.73578,"Documents":1,"Frames":1,"JSEventListeners":393,"Nodes":5294,"LayoutCount":168,"RecalcStyleCount":233,"LayoutDuration":0.071351,"RecalcStyleDuration":0.043415,"ScriptDuration":0.523229,"TaskDuration":100.966949,"JSHeapUsedSize":1433356976,"JSHeapTotalSize":1512325120}
{"Timestamp":10172.933244,"Documents":1,"Frames":1,"JSEventListeners":393,"Nodes":5293,"LayoutCount":168,"RecalcStyleCount":232,"LayoutDuration":0.074853,"RecalcStyleDuration":0.042483,"ScriptDuration":0.510998,"TaskDuration":100.12643,"JSHeapUsedSize":1289993648,"JSHeapTotalSize":1415499776}
{"Timestamp":10330.183189,"Documents":1,"Frames":1,"JSEventListeners":393,"Nodes":5298,"LayoutCount":168,"RecalcStyleCount":232,"LayoutDuration":0.070645,"RecalcStyleDuration":0.042976,"ScriptDuration":0.533129,"TaskDuration":103.60157,"JSHeapUsedSize":1795772276,"JSHeapTotalSize":1902112768}
{"Timestamp":10487.328503,"Documents":1,"Frames":1,"JSEventListeners":393,"Nodes":5297,"LayoutCount":169,"RecalcStyleCount":233,"LayoutDuration":0.07074,"RecalcStyleDuration":0.042808,"ScriptDuration":0.547577,"TaskDuration":103.154731,"JSHeapUsedSize":1548329892,"JSHeapTotalSize":1838968832}
{"Timestamp":10640.389646,"Documents":1,"Frames":1,"JSEventListeners":393,"Nodes":5299,"LayoutCount":169,"RecalcStyleCount":234,"LayoutDuration":0.070724,"RecalcStyleDuration":0.042206,"ScriptDuration":0.513927,"TaskDuration":100.107509,"JSHeapUsedSize":1688495224,"JSHeapTotalSize":1776050176}
