{"Timestamp":43415.019604,"Documents":1,"Frames":1,"JSEventListeners":482,"Nodes":6753,"LayoutCount":232,"RecalcStyleCount":324,"LayoutDuration":0.08271,"RecalcStyleDuration":0.050976,"ScriptDuration":0.666333,"TaskDuration":154.272321,"JSHeapUsedSize":1855010360,"JSHeapTotalSize":1966931968}
{"Timestamp":43622.739873,"Documents":1,"Frames":1,"JSEventListeners":482,"Nodes":6750,"LayoutCount":232,"RecalcStyleCount":322,"LayoutDuration":0.083665,"RecalcStyleDuration":0.050646,"ScriptDuration":0.639026,"TaskDuration":153.106496,"JSHeapUsedSize":1396736016,"JSHeapTotalSize":1821085696}
{"Timestamp":43830.556045,"Documents":1,"Frames":1,"JSEventListeners":482,"Nodes":6746,"LayoutCount":232,"RecalcStyleCount":323,"LayoutDuration":0.082703,"RecalcStyleDuration":0.050413,"ScriptDuration":0.642381,"TaskDuration":153.860766,"JSHeapUsedSize":1100337840,"JSHeapTotalSize":2202140672}
{"Timestamp":44041.891398,"Documents":1,"Frames":1,"JSEventListeners":482,"Nodes":6750,"LayoutCount":232,"RecalcStyleCount":322,"LayoutDuration":0.087142,"RecalcStyleDuration":0.051837,"ScriptDuration":0.660175,"TaskDuration":158.59308,"JSHeapUsedSize":1413303964,"JSHeapTotalSize":2233851904}
{"Timestamp":44250.673325,"Documents":1,"Frames":1,"JSEventListeners":482,"Nodes":6748,"LayoutCount":232,"RecalcStyleCount":323,"LayoutDuration":0.083563,"RecalcStyleDuration":0.049795,"ScriptDuration":0.636109,"TaskDuration":154.498286,"JSHeapUsedSize":1267870100,"JSHeapTotalSize":2129362944}
{"Timestamp":44457.514753,"Documents":1,"Frames":1,"JSEventListeners":482,"Nodes":6753,"LayoutCount":232,"RecalcStyleCount":324,"LayoutDuration":0.084162,"RecalcStyleDuration":0.051427,"ScriptDuration":0.637871,"TaskDuration":154.60607,"JSHeapUsedSize":1819361872,"JSHeapTotalSize":1927450624}
{"Timestamp":44666.970658,"Documents":1,"Frames":1,"JSEventListeners":482,"Nodes":6755,"LayoutCount":232,"RecalcStyleCount":323,"LayoutDuration":0.082311,"RecalcStyleDuration":0.050452,"ScriptDuration":0.650603,"TaskDuration":155.808248,"JSHeapUsedSize":2084043848,"JSHeapTotalSize":2190110720}
{"Timestamp":44876.053349,"Documents":1,"Frames":1,"JSEventListeners":475,"Nodes":6752,"LayoutCount":232,"RecalcStyleCount":322,"LayoutDuration":0.082175,"RecalcStyleDuration":0.049632,"ScriptDuration":0.652597,"TaskDuration":154.035854,"JSHeapUsedSize":1423018584,"JSHeapTotalSize":2279403520}
{"Timestamp":45088.117715,"Documents":1,"Frames":1,"JSEventListeners":475,"Nodes":6613,"LayoutCount":221,"RecalcStyleCount":313,"LayoutDuration":0.081837,"RecalcStyleDuration":0.049838,"ScriptDuration":0.571486,"TaskDuration":158.559448,"JSHeapUsedSize":1716291188,"JSHeapTotalSize":2036338688}
{"Timestamp":45294.997625,"Documents":1,"Frames":1,"JSEventListeners":482,"Nodes":6752,"LayoutCount":232,"RecalcStyleCount":323,"LayoutDuration":0.083252,"RecalcStyleDuration":0.050907,"ScriptDuration":0.650869,"TaskDuration":154.052876,"JSHeapUsedSize":1700425680,"JSHeapTotalSize":1805713408}
{"Timestamp":53185.083516,"Documents":1,"Frames":1,"JSEventListeners":475,"Nodes":6365,"LayoutCount":161,"RecalcStyleCount":261,"LayoutDuration":0.066026,"RecalcStyleDuration":0.040672,"ScriptDuration":0.308616,"TaskDuration":3.820321,"JSHeapUsedSize":179055792,"JSHeapTotalSize":195608576}
{"Timestamp":53190.145059,"Documents":1,"Frames":1,"JSEventListeners":475,"Nodes":6365,"LayoutCount":163,"RecalcStyleCount":262,"LayoutDuration":0.06541,"RecalcStyleDuration":0.039391,"ScriptDuration":0.312111,"TaskDuration":3.728723,"JSHeapUsedSize":176738064,"JSHeapTotalSize":198754304}
{"Timestamp":53195.591154,"Documents":1,"Frames":1,"JSEventListeners":475,"Nodes":6367,"LayoutCount":166,"RecalcStyleCount":267,"LayoutDuration":0.067033,"RecalcStyleDuration":0.040121,"ScriptDuration":0.335683,"TaskDuration":4.121426,"JSHeapUsedSize":180111236,"JSHeapTotalSize":201637888}
{"Timestamp":53200.477635,"Documents":1,"Frames":1,"JSEventListeners":468,"Nodes":6350,"LayoutCount":161,"RecalcStyleCount":262,"LayoutDuration":0.065167,"RecalcStyleDuration":0.039634,"ScriptDuration":0.3101,"TaskDuration":3.986181,"JSHeapUsedSize":158614596,"JSHeapTotalSize":174374912}
{"Timestamp":53205.494961,"Documents":1,"Frames":1,"JSEventListeners":468,"Nodes":6364,"LayoutCount":163,"RecalcStyleCount":263,"LayoutDuration":0.066899,"RecalcStyleDuration":0.039712,"ScriptDuration":0.348653,"TaskDuration":3.996106,"JSHeapUsedSize":175805956,"JSHeapTotalSize":197443584}
{"Timestamp":53210.630474,"Documents":1,"Frames":1,"JSEventListeners":468,"Nodes":6351,"LayoutCount":163,"RecalcStyleCount":263,"LayoutDuration":0.065732,"RecalcStyleDuration":0.040544,"ScriptDuration":0.28587,"TaskDuration":4.070252,"JSHeapUsedSize":161685076,"JSHeapTotalSize":181452800}
{"Timestamp":53215.316155,"Documents":1,"Frames":1,"JSEventListeners":471,"Nodes":6364,"LayoutCount":163,"RecalcStyleCount":263,"LayoutDuration":0.065802,"RecalcStyleDuration":0.04083,"ScriptDuration":0.332362,"TaskDuration":3.754231,"JSHeapUsedSize":177453648,"JSHeapTotalSize":195870720}
{"Timestamp":53220.567088,"Documents":1,"Frames":1,"JSEventListeners":471,"Nodes":6364,"LayoutCount":163,"RecalcStyleCount":262,"LayoutDuration":0.065824,"RecalcStyleDuration":0.041677,"ScriptDuration":0.358346,"TaskDuration":3.933708,"JSHeapUsedSize":176177948,"JSHeapTotalSize":197705728}
{"Timestamp":53225.389365,"Documents":1,"Frames":1,"JSEventListeners":468,"Nodes":6350,"LayoutCount":163,"RecalcStyleCount":262,"LayoutDuration":0.066146,"RecalcStyleDuration":0.038976,"ScriptDuration":0.28272,"TaskDuration":3.754497,"JSHeapUsedSize":160632244,"JSHeapTotalSize":177258496}
{"Timestamp":53230.302808,"Documents":1,"Frames":1,"JSEventListeners":468,"Nodes":6351,"LayoutCount":163,"RecalcStyleCount":262,"LayoutDuration":0.068967,"RecalcStyleDuration":0.040111,"ScriptDuration":0.292174,"TaskDuration":3.921356,"JSHeapUsedSize":161429380,"JSHeapTotalSize":179093504}
