{"Timestamp":21034.311546,"Documents":1,"Frames":1,"JSEventListeners":396,"Nodes":5257,"LayoutCount":168,"RecalcStyleCount":228,"LayoutDuration":0.073641,"RecalcStyleDuration":0.043968,"ScriptDuration":0.610473,"TaskDuration":221.967825,"JSHeapUsedSize":2468544104,"JSHeapTotalSize":3061534720}
{"Timestamp":21255.714458,"Documents":1,"Frames":1,"JSEventListeners":396,"Nodes":5257,"LayoutCount":168,"RecalcStyleCount":228,"LayoutDuration":0.073087,"RecalcStyleDuration":0.04384,"ScriptDuration":0.587869,"TaskDuration":220.657126,"JSHeapUsedSize":2475196140,"JSHeapTotalSize":3084820480}
{"Timestamp":21566.245954,"Documents":1,"Frames":1,"JSEventListeners":396,"Nodes":5257,"LayoutCount":168,"RecalcStyleCount":228,"LayoutDuration":0.073649,"RecalcStyleDuration":0.043897,"ScriptDuration":0.602234,"TaskDuration":224.706483,"JSHeapUsedSize":2371537104,"JSHeapTotalSize":3108564992}
{"Timestamp":21873.684724,"Documents":1,"Frames":1,"JSEventListeners":396,"Nodes":5257,"LayoutCount":168,"RecalcStyleCount":228,"LayoutDuration":0.073402,"RecalcStyleDuration":0.043066,"ScriptDuration":0.612689,"TaskDuration":220.555541,"JSHeapUsedSize":2293731300,"JSHeapTotalSize":3127394304}
{"Timestamp":22184.914169,"Documents":1,"Frames":1,"JSEventListeners":396,"Nodes":5257,"LayoutCount":168,"RecalcStyleCount":229,"LayoutDuration":0.073093,"RecalcStyleDuration":0.043109,"ScriptDuration":0.60519,"TaskDuration":225.973985,"JSHeapUsedSize":2063254744,"JSHeapTotalSize":3181658112}
{"Timestamp":22410.996249,"Documents":1,"Frames":1,"JSEventListeners":396,"Nodes":5257,"LayoutCount":168,"RecalcStyleCount":231,"LayoutDuration":0.075049,"RecalcStyleDuration":0.04427,"ScriptDuration":0.607392,"TaskDuration":225.307799,"JSHeapUsedSize":2318072568,"JSHeapTotalSize":3150090240}
{"Timestamp":22716.719945,"Documents":1,"Frames":1,"JSEventListeners":396,"Nodes":5258,"LayoutCount":168,"RecalcStyleCount":229,"LayoutDuration":0.071811,"RecalcStyleDuration":0.043304,"ScriptDuration":0.600907,"TaskDuration":218.736801,"JSHeapUsedSize":2518817104,"JSHeapTotalSize":3038310400}
{"Timestamp":23025.457201,"Documents":1,"Frames":1,"JSEventListeners":396,"Nodes":5258,"LayoutCount":168,"RecalcStyleCount":228,"LayoutDuration":0.072821,"RecalcStyleDuration":0.042863,"ScriptDuration":0.592785,"TaskDuration":222.79913,"JSHeapUsedSize":2629409636,"JSHeapTotalSize":3036422144}
{"Timestamp":23241.234797,"Documents":1,"Frames":1,"JSEventListeners":364,"Nodes":5107,"LayoutCount":120,"RecalcStyleCount":156,"LayoutDuration":0.068972,"RecalcStyleDuration":0.040048,"ScriptDuration":0.5198,"TaskDuration":131.074896,"JSHeapUsedSize":2411485256,"JSHeapTotalSize":3051163648}
{"Timestamp":23645.09641,"Documents":1,"Frames":1,"JSEventListeners":396,"Nodes":5257,"LayoutCount":168,"RecalcStyleCount":228,"LayoutDuration":0.072581,"RecalcStyleDuration":0.042727,"ScriptDuration":0.588867,"TaskDuration":222.266158,"JSHeapUsedSize":2271130776,"JSHeapTotalSize":3174731776}
