{"Timestamp":85154.577812,"Documents":1,"Frames":1,"JSEventListeners":317,"Nodes":3570,"LayoutCount":113,"RecalcStyleCount":158,"LayoutDuration":0.060404,"RecalcStyleDuration":0.035067,"ScriptDuration":0.552007,"TaskDuration":76.654493,"JSHeapUsedSize":1078657076,"JSHeapTotalSize":1437126656}
{"Timestamp":85255.937955,"Documents":1,"Frames":1,"JSEventListeners":317,"Nodes":3569,"LayoutCount":113,"RecalcStyleCount":158,"LayoutDuration":0.06071,"RecalcStyleDuration":0.038039,"ScriptDuration":0.572054,"TaskDuration":79.5964,"JSHeapUsedSize":901085808,"JSHeapTotalSize":1496514560}
{"Timestamp":85355.251073,"Documents":1,"Frames":1,"JSEventListeners":317,"Nodes":3617,"LayoutCount":124,"RecalcStyleCount":169,"LayoutDuration":0.059542,"RecalcStyleDuration":0.036353,"ScriptDuration":0.577019,"TaskDuration":77.686258,"JSHeapUsedSize":783053736,"JSHeapTotalSize":1574354944}
{"Timestamp":85455.63201,"Documents":1,"Frames":1,"JSEventListeners":317,"Nodes":3570,"LayoutCount":113,"RecalcStyleCount":158,"LayoutDuration":0.061301,"RecalcStyleDuration":0.037954,"ScriptDuration":0.580085,"TaskDuration":77.700393,"JSHeapUsedSize":1080150924,"JSHeapTotalSize":1428525056}
{"Timestamp":85559.383611,"Documents":1,"Frames":1,"JSEventListeners":317,"Nodes":3619,"LayoutCount":124,"RecalcStyleCount":170,"LayoutDuration":0.063815,"RecalcStyleDuration":0.039165,"ScriptDuration":0.647505,"TaskDuration":80.966395,"JSHeapUsedSize":971783116,"JSHeapTotalSize":1525137408}
{"Timestamp":85663.814177,"Documents":1,"Frames":1,"JSEventListeners":317,"Nodes":3570,"LayoutCount":113,"RecalcStyleCount":158,"LayoutDuration":0.063059,"RecalcStyleDuration":0.038001,"ScriptDuration":0.54713,"TaskDuration":81.536163,"JSHeapUsedSize":1078642240,"JSHeapTotalSize":1435451392}
