{"Timestamp":71668.17949,"Documents":1,"Frames":1,"JSEventListeners":444,"Nodes":6377,"LayoutCount":133,"RecalcStyleCount":219,"LayoutDuration":0.062308,"RecalcStyleDuration":0.040056,"ScriptDuration":0.396561,"TaskDuration":83.243765,"JSHeapUsedSize":1198026876,"JSHeapTotalSize":1908113408}
{"Timestamp":71751.378915,"Documents":1,"Frames":1,"JSEventListeners":434,"Nodes":6508,"LayoutCount":141,"RecalcStyleCount":219,"LayoutDuration":0.064109,"RecalcStyleDuration":0.044049,"ScriptDuration":0.538322,"TaskDuration":79.935093,"JSHeapUsedSize":1116267044,"JSHeapTotalSize":1216184320}
{"Timestamp":71830.594621,"Documents":1,"Frames":1,"JSEventListeners":442,"Nodes":6377,"LayoutCount":131,"RecalcStyleCount":215,"LayoutDuration":0.063153,"RecalcStyleDuration":0.046164,"ScriptDuration":0.359316,"TaskDuration":72.083647,"JSHeapUsedSize":1119065212,"JSHeapTotalSize":1913851904}
{"Timestamp":71915.827864,"Documents":1,"Frames":1,"JSEventListeners":448,"Nodes":6389,"LayoutCount":137,"RecalcStyleCount":226,"LayoutDuration":0.064683,"RecalcStyleDuration":0.042099,"ScriptDuration":0.416799,"TaskDuration":84.337585,"JSHeapUsedSize":1217235492,"JSHeapTotalSize":2063974400}
{"Timestamp":72004.796204,"Documents":1,"Frames":1,"JSEventListeners":450,"Nodes":6387,"LayoutCount":139,"RecalcStyleCount":230,"LayoutDuration":0.063583,"RecalcStyleDuration":0.04,"ScriptDuration":0.368825,"TaskDuration":79.940884,"JSHeapUsedSize":1065270980,"JSHeapTotalSize":1963659264}
{"Timestamp":72088.095073,"Documents":1,"Frames":1,"JSEventListeners":448,"Nodes":6423,"LayoutCount":137,"RecalcStyleCount":225,"LayoutDuration":0.062879,"RecalcStyleDuration":0.040046,"ScriptDuration":0.395183,"TaskDuration":81.007879,"JSHeapUsedSize":2033186948,"JSHeapTotalSize":2154278912}
{"Timestamp":72184.855452,"Documents":1,"Frames":1,"JSEventListeners":448,"Nodes":6417,"LayoutCount":137,"RecalcStyleCount":224,"LayoutDuration":0.063623,"RecalcStyleDuration":0.04259,"ScriptDuration":0.387143,"TaskDuration":88.192842,"JSHeapUsedSize":1089963328,"JSHeapTotalSize":1265758208}
{"Timestamp":72270.203684,"Documents":1,"Frames":1,"JSEventListeners":448,"Nodes":6391,"LayoutCount":137,"RecalcStyleCount":227,"LayoutDuration":0.063146,"RecalcStyleDuration":0.040943,"ScriptDuration":0.375106,"TaskDuration":79.369826,"JSHeapUsedSize":1379137368,"JSHeapTotalSize":1739571200}
{"Timestamp":72343.599175,"Documents":1,"Frames":1,"JSEventListeners":442,"Nodes":6375,"LayoutCount":131,"RecalcStyleCount":214,"LayoutDuration":0.061583,"RecalcStyleDuration":0.039679,"ScriptDuration":0.33948,"TaskDuration":71.672897,"JSHeapUsedSize":1116521612,"JSHeapTotalSize":1779527680}
{"Timestamp":72431.864804,"Documents":1,"Frames":1,"JSEventListeners":442,"Nodes":6383,"LayoutCount":131,"RecalcStyleCount":213,"LayoutDuration":0.062735,"RecalcStyleDuration":0.039494,"ScriptDuration":0.392562,"TaskDuration":87.402733,"JSHeapUsedSize":1167062676,"JSHeapTotalSize":2192621568}
