{"Timestamp":41296.138488,"Documents":1,"Frames":1,"JSEventListeners":393,"Nodes":5298,"LayoutCount":169,"RecalcStyleCount":233,"LayoutDuration":0.073065,"RecalcStyleDuration":0.045593,"ScriptDuration":0.548336,"TaskDuration":106.127904,"JSHeapUsedSize":1615539080,"JSHeapTotalSize":1824600064}
{"Timestamp":41457.784302,"Documents":1,"Frames":1,"JSEventListeners":393,"Nodes":5296,"LayoutCount":168,"RecalcStyleCount":232,"LayoutDuration":0.076744,"RecalcStyleDuration":0.045344,"ScriptDuration":0.549647,"TaskDuration":106.4534,"JSHeapUsedSize":1655724708,"JSHeapTotalSize":1939558400}
{"Timestamp":41618.415704,"Documents":1,"Frames":1,"JSEventListeners":386,"Nodes":5299,"LayoutCount":169,"RecalcStyleCount":233,"LayoutDuration":0.072019,"RecalcStyleDuration":0.043608,"ScriptDuration":0.519958,"TaskDuration":105.62544,"JSHeapUsedSize":1605414028,"JSHeapTotalSize":1696878592}
{"Timestamp":41778.388879,"Documents":1,"Frames":1,"JSEventListeners":393,"Nodes":5299,"LayoutCount":169,"RecalcStyleCount":234,"LayoutDuration":0.071664,"RecalcStyleDuration":0.043037,"ScriptDuration":0.520969,"TaskDuration":106.035287,"JSHeapUsedSize":1666595692,"JSHeapTotalSize":1802371072}
{"Timestamp":41936.319639,"Documents":1,"Frames":1,"JSEventListeners":386,"Nodes":5298,"LayoutCount":169,"RecalcStyleCount":233,"LayoutDuration":0.071991,"RecalcStyleDuration":0.043464,"ScriptDuration":0.520405,"TaskDuration":103.630741,"JSHeapUsedSize":1523327604,"JSHeapTotalSize":1869369344}
{"Timestamp":42093.845306,"Documents":1,"Frames":1,"JSEventListeners":393,"Nodes":5297,"LayoutCount":169,"RecalcStyleCount":234,"LayoutDuration":0.074606,"RecalcStyleDuration":0.043803,"ScriptDuration":0.529758,"TaskDuration":103.178707,"JSHeapUsedSize":1501622804,"JSHeapTotalSize":1858838528}
{"Timestamp":42252.042976,"Documents":1,"Frames":1,"JSEventListeners":393,"Nodes":5297,"LayoutCount":168,"RecalcStyleCount":232,"LayoutDuration":0.07161,"RecalcStyleDuration":0.042313,"ScriptDuration":0.536846,"TaskDuration":104.06306,"JSHeapUsedSize":1771701720,"JSHeapTotalSize":1876422656}
{"Timestamp":42408.62075,"Documents":1,"Frames":1,"JSEventListeners":393,"Nodes":5296,"LayoutCount":168,"RecalcStyleCount":232,"LayoutDuration":0.076598,"RecalcStyleDuration":0.043452,"ScriptDuration":0.537334,"TaskDuration":103.249907,"JSHeapUsedSize":1641282192,"JSHeapTotalSize":1949618176}
{"Timestamp":42567.941686,"Documents":1,"Frames":1,"JSEventListeners":393,"Nodes":5293,"LayoutCount":168,"RecalcStyleCount":232,"LayoutDuration":0.0728,"RecalcStyleDuration":0.044303,"ScriptDuration":0.56158,"TaskDuration":103.211906,"JSHeapUsedSize":1186486844,"JSHeapTotalSize":1867915264}
{"Timestamp":42724.791167,"Documents":1,"Frames":1,"JSEventListeners":393,"Nodes":5295,"LayoutCount":168,"RecalcStyleCount":232,"LayoutDuration":0.072823,"RecalcStyleDuration":0.043502,"ScriptDuration":0.55828,"TaskDuration":103.556249,"JSHeapUsedSize":1453342336,"JSHeapTotalSize":1943973888}
{"Timestamp":53008.595128,"Documents":1,"Frames":1,"JSEventListeners":408,"Nodes":5055,"LayoutCount":150,"RecalcStyleCount":243,"LayoutDuration":0.06407,"RecalcStyleDuration":0.037419,"ScriptDuration":0.298223,"TaskDuration":3.476052,"JSHeapUsedSize":102162128,"JSHeapTotalSize":139247616}
{"Timestamp":53012.629609,"Documents":1,"Frames":1,"JSEventListeners":412,"Nodes":5060,"LayoutCount":155,"RecalcStyleCount":252,"LayoutDuration":0.067664,"RecalcStyleDuration":0.037414,"ScriptDuration":0.295046,"TaskDuration":3.364082,"JSHeapUsedSize":103090468,"JSHeapTotalSize":139509760}
{"Timestamp":53016.640479,"Documents":1,"Frames":1,"JSEventListeners":412,"Nodes":5060,"LayoutCount":154,"RecalcStyleCount":250,"LayoutDuration":0.063557,"RecalcStyleDuration":0.037458,"ScriptDuration":0.295286,"TaskDuration":3.458123,"JSHeapUsedSize":103949684,"JSHeapTotalSize":141869056}
{"Timestamp":53020.717534,"Documents":1,"Frames":1,"JSEventListeners":408,"Nodes":5053,"LayoutCount":150,"RecalcStyleCount":242,"LayoutDuration":0.063817,"RecalcStyleDuration":0.035998,"ScriptDuration":0.294435,"TaskDuration":3.481411,"JSHeapUsedSize":98934540,"JSHeapTotalSize":141344768}
{"Timestamp":53024.73579,"Documents":1,"Frames":1,"JSEventListeners":412,"Nodes":5060,"LayoutCount":155,"RecalcStyleCount":251,"LayoutDuration":0.062475,"RecalcStyleDuration":0.036502,"ScriptDuration":0.296886,"TaskDuration":3.397885,"JSHeapUsedSize":102379188,"JSHeapTotalSize":138199040}
{"Timestamp":53028.665913,"Documents":1,"Frames":1,"JSEventListeners":412,"Nodes":5060,"LayoutCount":154,"RecalcStyleCount":250,"LayoutDuration":0.066898,"RecalcStyleDuration":0.036705,"ScriptDuration":0.286343,"TaskDuration":3.32701,"JSHeapUsedSize":103673464,"JSHeapTotalSize":143179776}
{"Timestamp":53032.686159,"Documents":1,"Frames":1,"JSEventListeners":412,"Nodes":5061,"LayoutCount":154,"RecalcStyleCount":250,"LayoutDuration":0.063797,"RecalcStyleDuration":0.037213,"ScriptDuration":0.273721,"TaskDuration":3.431263,"JSHeapUsedSize":105555172,"JSHeapTotalSize":141082624}
{"Timestamp":53036.596866,"Documents":1,"Frames":1,"JSEventListeners":412,"Nodes":5060,"LayoutCount":154,"RecalcStyleCount":250,"LayoutDuration":0.066789,"RecalcStyleDuration":0.036611,"ScriptDuration":0.293812,"TaskDuration":3.327544,"JSHeapUsedSize":103878668,"JSHeapTotalSize":140820480}
{"Timestamp":53040.565534,"Documents":1,"Frames":1,"JSEventListeners":412,"Nodes":5061,"LayoutCount":155,"RecalcStyleCount":250,"LayoutDuration":0.06617,"RecalcStyleDuration":0.03683,"ScriptDuration":0.313204,"TaskDuration":3.40439,"JSHeapUsedSize":103657192,"JSHeapTotalSize":136364032}
{"Timestamp":53044.575974,"Documents":1,"Frames":1,"JSEventListeners":412,"Nodes":5060,"LayoutCount":155,"RecalcStyleCount":251,"LayoutDuration":0.063034,"RecalcStyleDuration":0.036651,"ScriptDuration":0.301162,"TaskDuration":3.401945,"JSHeapUsedSize":103433776,"JSHeapTotalSize":142393344}
