{"Timestamp":50461.536019,"Documents":1,"Frames":1,"JSEventListeners":306,"Nodes":3820,"LayoutCount":112,"RecalcStyleCount":145,"LayoutDuration":0.063613,"RecalcStyleDuration":0.037499,"ScriptDuration":0.479032,"TaskDuration":118.856985,"JSHeapUsedSize":1551017092,"JSHeapTotalSize":2798022656}
{"Timestamp":50670.531418,"Documents":1,"Frames":1,"JSEventListeners":306,"Nodes":3823,"LayoutCount":112,"RecalcStyleCount":145,"LayoutDuration":0.064677,"RecalcStyleDuration":0.037478,"ScriptDuration":0.440458,"TaskDuration":118.206122,"JSHeapUsedSize":2561849908,"JSHeapTotalSize":2833342464}
{"Timestamp":50878.090465,"Documents":1,"Frames":1,"JSEventListeners":300,"Nodes":3814,"LayoutCount":112,"RecalcStyleCount":143,"LayoutDuration":0.063168,"RecalcStyleDuration":0.037228,"ScriptDuration":0.44016,"TaskDuration":118.579786,"JSHeapUsedSize":786900444,"JSHeapTotalSize":2297163776}
{"Timestamp":51085.26701,"Documents":1,"Frames":1,"JSEventListeners":306,"Nodes":3821,"LayoutCount":112,"RecalcStyleCount":146,"LayoutDuration":0.063894,"RecalcStyleDuration":0.037731,"ScriptDuration":0.464802,"TaskDuration":118.962479,"JSHeapUsedSize":2103399128,"JSHeapTotalSize":2836525056}
{"Timestamp":51293.82368,"Documents":1,"Frames":1,"JSEventListeners":306,"Nodes":3822,"LayoutCount":112,"RecalcStyleCount":146,"LayoutDuration":0.064324,"RecalcStyleDuration":0.039333,"ScriptDuration":0.429556,"TaskDuration":118.715779,"JSHeapUsedSize":2177533164,"JSHeapTotalSize":2832949248}
{"Timestamp":51500.793022,"Documents":1,"Frames":1,"JSEventListeners":306,"Nodes":3821,"LayoutCount":112,"RecalcStyleCount":146,"LayoutDuration":0.064558,"RecalcStyleDuration":0.037102,"ScriptDuration":0.446729,"TaskDuration":118.739793,"JSHeapUsedSize":2120837752,"JSHeapTotalSize":2826203136}
{"Timestamp":51709.513764,"Documents":1,"Frames":1,"JSEventListeners":306,"Nodes":3824,"LayoutCount":112,"RecalcStyleCount":146,"LayoutDuration":0.067242,"RecalcStyleDuration":0.038051,"ScriptDuration":0.438973,"TaskDuration":119.891336,"JSHeapUsedSize":2634049924,"JSHeapTotalSize":2857271296}
{"Timestamp":51916.016707,"Documents":1,"Frames":1,"JSEventListeners":306,"Nodes":3814,"LayoutCount":112,"RecalcStyleCount":145,"LayoutDuration":0.064395,"RecalcStyleDuration":0.037383,"ScriptDuration":0.432631,"TaskDuration":118.20326,"JSHeapUsedSize":804475836,"JSHeapTotalSize":2184400896}
{"Timestamp":52119.512032,"Documents":1,"Frames":1,"JSEventListeners":306,"Nodes":3818,"LayoutCount":112,"RecalcStyleCount":145,"LayoutDuration":0.066489,"RecalcStyleDuration":0.036321,"ScriptDuration":0.453375,"TaskDuration":116.357249,"JSHeapUsedSize":1325499068,"JSHeapTotalSize":2756681728}
{"Timestamp":53713.840928,"Documents":1,"Frames":1,"JSEventListeners":333,"Nodes":3760,"LayoutCount":112,"RecalcStyleCount":180,"LayoutDuration":0.057395,"RecalcStyleDuration":0.032731,"ScriptDuration":0.275044,"TaskDuration":4.119823,"JSHeapUsedSize":230111704,"JSHeapTotalSize":253485056}
{"Timestamp":53718.586053,"Documents":1,"Frames":1,"JSEventListeners":333,"Nodes":3760,"LayoutCount":113,"RecalcStyleCount":181,"LayoutDuration":0.059781,"RecalcStyleDuration":0.032662,"ScriptDuration":0.291038,"TaskDuration":4.195449,"JSHeapUsedSize":229170912,"JSHeapTotalSize":255320064}
{"Timestamp":53722.98512,"Documents":1,"Frames":1,"JSEventListeners":325,"Nodes":3742,"LayoutCount":105,"RecalcStyleCount":165,"LayoutDuration":0.056918,"RecalcStyleDuration":0.032137,"ScriptDuration":0.305901,"TaskDuration":3.877636,"JSHeapUsedSize":224668452,"JSHeapTotalSize":247091200}
{"Timestamp":53727.926458,"Documents":1,"Frames":1,"JSEventListeners":333,"Nodes":3760,"LayoutCount":112,"RecalcStyleCount":178,"LayoutDuration":0.058023,"RecalcStyleDuration":0.032415,"ScriptDuration":0.267574,"TaskDuration":4.176873,"JSHeapUsedSize":229697680,"JSHeapTotalSize":251125760}
{"Timestamp":53732.826073,"Documents":1,"Frames":1,"JSEventListeners":330,"Nodes":3751,"LayoutCount":108,"RecalcStyleCount":172,"LayoutDuration":0.059934,"RecalcStyleDuration":0.032974,"ScriptDuration":0.302389,"TaskDuration":4.375151,"JSHeapUsedSize":230006608,"JSHeapTotalSize":248872960}
{"Timestamp":53737.264945,"Documents":1,"Frames":1,"JSEventListeners":325,"Nodes":3742,"LayoutCount":105,"RecalcStyleCount":165,"LayoutDuration":0.058407,"RecalcStyleDuration":0.032112,"ScriptDuration":0.280183,"TaskDuration":3.825647,"JSHeapUsedSize":222067628,"JSHeapTotalSize":246304768}
{"Timestamp":53742.077744,"Documents":1,"Frames":1,"JSEventListeners":333,"Nodes":3760,"LayoutCount":112,"RecalcStyleCount":180,"LayoutDuration":0.056202,"RecalcStyleDuration":0.033107,"ScriptDuration":0.278711,"TaskDuration":4.010254,"JSHeapUsedSize":230186396,"JSHeapTotalSize":252960768}
{"Timestamp":53746.869622,"Documents":1,"Frames":1,"JSEventListeners":333,"Nodes":3760,"LayoutCount":113,"RecalcStyleCount":181,"LayoutDuration":0.056974,"RecalcStyleDuration":0.032239,"ScriptDuration":0.318193,"TaskDuration":4.247212,"JSHeapUsedSize":233781196,"JSHeapTotalSize":253222912}
{"Timestamp":53751.242321,"Documents":1,"Frames":1,"JSEventListeners":325,"Nodes":3742,"LayoutCount":105,"RecalcStyleCount":165,"LayoutDuration":0.057809,"RecalcStyleDuration":0.035007,"ScriptDuration":0.281597,"TaskDuration":3.80854,"JSHeapUsedSize":222258448,"JSHeapTotalSize":244731904}
{"Timestamp":53756.086265,"Documents":1,"Frames":1,"JSEventListeners":333,"Nodes":3760,"LayoutCount":112,"RecalcStyleCount":179,"LayoutDuration":0.061401,"RecalcStyleDuration":0.031658,"ScriptDuration":0.272683,"TaskDuration":4.07516,"JSHeapUsedSize":230322176,"JSHeapTotalSize":254271488}
