{"Timestamp":25965.635282,"Documents":1,"Frames":1,"JSEventListeners":513,"Nodes":7829,"LayoutCount":184,"RecalcStyleCount":250,"LayoutDuration":0.078097,"RecalcStyleDuration":0.049003,"ScriptDuration":0.66828,"TaskDuration":255.828806,"JSHeapUsedSize":3064836700,"JSHeapTotalSize":3656085504}
