{"Timestamp":18285.528452,"Documents":1,"Frames":1,"JSEventListeners":300,"Nodes":3814,"LayoutCount":112,"RecalcStyleCount":146,"LayoutDuration":0.063216,"RecalcStyleDuration":0.036533,"ScriptDuration":0.442485,"TaskDuration":118.041849,"JSHeapUsedSize":786875056,"JSHeapTotalSize":2174480384}
{"Timestamp":18488.700051,"Documents":1,"Frames":1,"JSEventListeners":306,"Nodes":3822,"LayoutCount":112,"RecalcStyleCount":145,"LayoutDuration":0.063062,"RecalcStyleDuration":0.036311,"ScriptDuration":0.495181,"TaskDuration":116.599894,"JSHeapUsedSize":2190730248,"JSHeapTotalSize":2571096064}
{"Timestamp":18694.711857,"Documents":1,"Frames":1,"JSEventListeners":306,"Nodes":3821,"LayoutCount":112,"RecalcStyleCount":146,"LayoutDuration":0.064566,"RecalcStyleDuration":0.037493,"ScriptDuration":0.43147,"TaskDuration":118.091195,"JSHeapUsedSize":1691369736,"JSHeapTotalSize":2820399104}
{"Timestamp":18901.114787,"Documents":1,"Frames":1,"JSEventListeners":306,"Nodes":3821,"LayoutCount":112,"RecalcStyleCount":145,"LayoutDuration":0.063217,"RecalcStyleDuration":0.038078,"ScriptDuration":0.458389,"TaskDuration":118.519813,"JSHeapUsedSize":2066155048,"JSHeapTotalSize":2841055232}
{"Timestamp":19111.932575,"Documents":1,"Frames":1,"JSEventListeners":306,"Nodes":3821,"LayoutCount":112,"RecalcStyleCount":143,"LayoutDuration":0.064126,"RecalcStyleDuration":0.03653,"ScriptDuration":0.419379,"TaskDuration":118.954465,"JSHeapUsedSize":1725238160,"JSHeapTotalSize":2834526208}
{"Timestamp":19319.095924,"Documents":1,"Frames":1,"JSEventListeners":306,"Nodes":3822,"LayoutCount":112,"RecalcStyleCount":144,"LayoutDuration":0.063875,"RecalcStyleDuration":0.037082,"ScriptDuration":0.430155,"TaskDuration":116.987285,"JSHeapUsedSize":2270585740,"JSHeapTotalSize":2809556992}
{"Timestamp":19524.924823,"Documents":1,"Frames":1,"JSEventListeners":306,"Nodes":3819,"LayoutCount":112,"RecalcStyleCount":145,"LayoutDuration":0.063125,"RecalcStyleDuration":0.038693,"ScriptDuration":0.479315,"TaskDuration":118.219177,"JSHeapUsedSize":1441224092,"JSHeapTotalSize":2634502144}
{"Timestamp":19731.324641,"Documents":1,"Frames":1,"JSEventListeners":306,"Nodes":3821,"LayoutCount":112,"RecalcStyleCount":145,"LayoutDuration":0.06407,"RecalcStyleDuration":0.036773,"ScriptDuration":0.4832,"TaskDuration":116.655376,"JSHeapUsedSize":1727941884,"JSHeapTotalSize":2631143424}
{"Timestamp":19936.058929,"Documents":1,"Frames":1,"JSEventListeners":306,"Nodes":3821,"LayoutCount":112,"RecalcStyleCount":143,"LayoutDuration":0.063043,"RecalcStyleDuration":0.036446,"ScriptDuration":0.416912,"TaskDuration":118.54296,"JSHeapUsedSize":1970661644,"JSHeapTotalSize":2869276672}
{"Timestamp":20148.267452,"Documents":1,"Frames":1,"JSEventListeners":306,"Nodes":3814,"LayoutCount":112,"RecalcStyleCount":146,"LayoutDuration":0.067822,"RecalcStyleDuration":0.037191,"ScriptDuration":0.471627,"TaskDuration":122.354385,"JSHeapUsedSize":864521220,"JSHeapTotalSize":2308202496}
