{"Timestamp":39714.815987,"Documents":1,"Frames":1,"JSEventListeners":304,"Nodes":3847,"LayoutCount":105,"RecalcStyleCount":139,"LayoutDuration":0.063486,"RecalcStyleDuration":0.036467,"ScriptDuration":0.387469,"TaskDuration":57.860035,"JSHeapUsedSize":1821833920,"JSHeapTotalSize":1917554688}
{"Timestamp":39830.129251,"Documents":1,"Frames":1,"JSEventListeners":304,"Nodes":3847,"LayoutCount":105,"RecalcStyleCount":141,"LayoutDuration":0.061159,"RecalcStyleDuration":0.036819,"ScriptDuration":0.406154,"TaskDuration":58.232867,"JSHeapUsedSize":1823531416,"JSHeapTotalSize":1919541248}
{"Timestamp":39943.10652,"Documents":1,"Frames":1,"JSEventListeners":304,"Nodes":3837,"LayoutCount":105,"RecalcStyleCount":139,"LayoutDuration":0.058795,"RecalcStyleDuration":0.035704,"ScriptDuration":0.387597,"TaskDuration":56.688661,"JSHeapUsedSize":880883592,"JSHeapTotalSize":1313583104}
{"Timestamp":40056.30012,"Documents":1,"Frames":1,"JSEventListeners":304,"Nodes":3847,"LayoutCount":105,"RecalcStyleCount":139,"LayoutDuration":0.059627,"RecalcStyleDuration":0.035508,"ScriptDuration":0.375331,"TaskDuration":57.224913,"JSHeapUsedSize":1848045616,"JSHeapTotalSize":1930764288}
{"Timestamp":40172.312223,"Documents":1,"Frames":1,"JSEventListeners":298,"Nodes":3832,"LayoutCount":105,"RecalcStyleCount":141,"LayoutDuration":0.064944,"RecalcStyleDuration":0.041707,"ScriptDuration":0.433128,"TaskDuration":59.416148,"JSHeapUsedSize":303742512,"JSHeapTotalSize":963911680}
{"Timestamp":40287.375569,"Documents":1,"Frames":1,"JSEventListeners":304,"Nodes":3847,"LayoutCount":105,"RecalcStyleCount":142,"LayoutDuration":0.06084,"RecalcStyleDuration":0.038565,"ScriptDuration":0.40282,"TaskDuration":59.248939,"JSHeapUsedSize":1782902720,"JSHeapTotalSize":1882218496}
{"Timestamp":40401.879427,"Documents":1,"Frames":1,"JSEventListeners":304,"Nodes":3847,"LayoutCount":105,"RecalcStyleCount":139,"LayoutDuration":0.058889,"RecalcStyleDuration":0.035324,"ScriptDuration":0.401898,"TaskDuration":58.054078,"JSHeapUsedSize":1822700272,"JSHeapTotalSize":1918234624}
{"Timestamp":40514.934079,"Documents":1,"Frames":1,"JSEventListeners":304,"Nodes":3847,"LayoutCount":105,"RecalcStyleCount":141,"LayoutDuration":0.059501,"RecalcStyleDuration":0.036451,"ScriptDuration":0.404987,"TaskDuration":57.321132,"JSHeapUsedSize":1822713332,"JSHeapTotalSize":1916866560}
{"Timestamp":40628.181935,"Documents":1,"Frames":1,"JSEventListeners":304,"Nodes":3847,"LayoutCount":105,"RecalcStyleCount":141,"LayoutDuration":0.0619,"RecalcStyleDuration":0.035816,"ScriptDuration":0.409335,"TaskDuration":57.649484,"JSHeapUsedSize":1822894956,"JSHeapTotalSize":1918132224}
{"Timestamp":40742.251691,"Documents":1,"Frames":1,"JSEventListeners":304,"Nodes":3836,"LayoutCount":105,"RecalcStyleCount":141,"LayoutDuration":0.062882,"RecalcStyleDuration":0.038944,"ScriptDuration":0.430526,"TaskDuration":58.463109,"JSHeapUsedSize":703430024,"JSHeapTotalSize":1306935296}
{"Timestamp":52859.723173,"Documents":1,"Frames":1,"JSEventListeners":334,"Nodes":3747,"LayoutCount":109,"RecalcStyleCount":176,"LayoutDuration":0.055588,"RecalcStyleDuration":0.030763,"ScriptDuration":0.272339,"TaskDuration":2.430367,"JSHeapUsedSize":117043092,"JSHeapTotalSize":137412608}
{"Timestamp":52862.837161,"Documents":1,"Frames":1,"JSEventListeners":333,"Nodes":3751,"LayoutCount":109,"RecalcStyleCount":178,"LayoutDuration":0.056695,"RecalcStyleDuration":0.031203,"ScriptDuration":0.299516,"TaskDuration":2.575179,"JSHeapUsedSize":119855732,"JSHeapTotalSize":134004736}
{"Timestamp":52865.85515,"Documents":1,"Frames":1,"JSEventListeners":333,"Nodes":3751,"LayoutCount":109,"RecalcStyleCount":179,"LayoutDuration":0.055311,"RecalcStyleDuration":0.03156,"ScriptDuration":0.277767,"TaskDuration":2.498398,"JSHeapUsedSize":117535952,"JSHeapTotalSize":135839744}
{"Timestamp":52868.785933,"Documents":1,"Frames":1,"JSEventListeners":333,"Nodes":3751,"LayoutCount":109,"RecalcStyleCount":179,"LayoutDuration":0.055084,"RecalcStyleDuration":0.031647,"ScriptDuration":0.264075,"TaskDuration":2.43422,"JSHeapUsedSize":117351532,"JSHeapTotalSize":136888320}
{"Timestamp":52871.827665,"Documents":1,"Frames":1,"JSEventListeners":333,"Nodes":3751,"LayoutCount":108,"RecalcStyleCount":178,"LayoutDuration":0.055801,"RecalcStyleDuration":0.031061,"ScriptDuration":0.280453,"TaskDuration":2.543785,"JSHeapUsedSize":118297944,"JSHeapTotalSize":133480448}
{"Timestamp":52874.799976,"Documents":1,"Frames":1,"JSEventListeners":333,"Nodes":3751,"LayoutCount":108,"RecalcStyleCount":178,"LayoutDuration":0.055122,"RecalcStyleDuration":0.031964,"ScriptDuration":0.283032,"TaskDuration":2.457836,"JSHeapUsedSize":117740372,"JSHeapTotalSize":134266880}
{"Timestamp":52877.788093,"Documents":1,"Frames":1,"JSEventListeners":333,"Nodes":3751,"LayoutCount":109,"RecalcStyleCount":178,"LayoutDuration":0.056048,"RecalcStyleDuration":0.032092,"ScriptDuration":0.281766,"TaskDuration":2.446501,"JSHeapUsedSize":116764952,"JSHeapTotalSize":137674752}
{"Timestamp":52880.755961,"Documents":1,"Frames":1,"JSEventListeners":333,"Nodes":3751,"LayoutCount":109,"RecalcStyleCount":179,"LayoutDuration":0.055201,"RecalcStyleDuration":0.031844,"ScriptDuration":0.290875,"TaskDuration":2.460391,"JSHeapUsedSize":118852584,"JSHeapTotalSize":134004736}
{"Timestamp":52883.869255,"Documents":1,"Frames":1,"JSEventListeners":334,"Nodes":3751,"LayoutCount":108,"RecalcStyleCount":178,"LayoutDuration":0.055932,"RecalcStyleDuration":0.033201,"ScriptDuration":0.282162,"TaskDuration":2.591124,"JSHeapUsedSize":117163356,"JSHeapTotalSize":134529024}
{"Timestamp":52886.897212,"Documents":1,"Frames":1,"JSEventListeners":333,"Nodes":3751,"LayoutCount":108,"RecalcStyleCount":178,"LayoutDuration":0.057269,"RecalcStyleDuration":0.032618,"ScriptDuration":0.279138,"TaskDuration":2.505795,"JSHeapUsedSize":117694928,"JSHeapTotalSize":134004736}
