{"Timestamp":26928.017789,"Documents":1,"Frames":1,"JSEventListeners":247,"Nodes":2441,"LayoutCount":67,"RecalcStyleCount":104,"LayoutDuration":0.049806,"RecalcStyleDuration":0.026504,"ScriptDuration":0.246858,"TaskDuration":135.441611,"JSHeapUsedSize":1113662376,"JSHeapTotalSize":2513006592}
{"Timestamp":27062.859559,"Documents":1,"Frames":1,"JSEventListeners":247,"Nodes":2558,"LayoutCount":84,"RecalcStyleCount":122,"LayoutDuration":0.056228,"RecalcStyleDuration":0.035523,"ScriptDuration":0.384502,"TaskDuration":133.876411,"JSHeapUsedSize":457930616,"JSHeapTotalSize":2281807872}
{"Timestamp":27200.930083,"Documents":1,"Frames":1,"JSEventListeners":247,"Nodes":2570,"LayoutCount":84,"RecalcStyleCount":123,"LayoutDuration":0.057418,"RecalcStyleDuration":0.034194,"ScriptDuration":0.402693,"TaskDuration":137.290491,"JSHeapUsedSize":2209055560,"JSHeapTotalSize":2840236032}
{"Timestamp":27337.176879,"Documents":1,"Frames":1,"JSEventListeners":247,"Nodes":2556,"LayoutCount":84,"RecalcStyleCount":122,"LayoutDuration":0.05839,"RecalcStyleDuration":0.033181,"ScriptDuration":0.383631,"TaskDuration":135.496102,"JSHeapUsedSize":399061768,"JSHeapTotalSize":2128564224}
{"Timestamp":27471.293961,"Documents":1,"Frames":1,"JSEventListeners":247,"Nodes":2570,"LayoutCount":84,"RecalcStyleCount":123,"LayoutDuration":0.056041,"RecalcStyleDuration":0.033318,"ScriptDuration":0.377148,"TaskDuration":133.341685,"JSHeapUsedSize":2141301364,"JSHeapTotalSize":2828156928}
{"Timestamp":27610.630667,"Documents":1,"Frames":1,"JSEventListeners":247,"Nodes":2576,"LayoutCount":84,"RecalcStyleCount":123,"LayoutDuration":0.056806,"RecalcStyleDuration":0.034445,"ScriptDuration":0.39624,"TaskDuration":138.569938,"JSHeapUsedSize":2909937688,"JSHeapTotalSize":3097010176}
{"Timestamp":27747.182592,"Documents":1,"Frames":1,"JSEventListeners":247,"Nodes":2570,"LayoutCount":84,"RecalcStyleCount":122,"LayoutDuration":0.055561,"RecalcStyleDuration":0.032413,"ScriptDuration":0.363689,"TaskDuration":135.756439,"JSHeapUsedSize":2178963840,"JSHeapTotalSize":2849603584}
{"Timestamp":27882.200381,"Documents":1,"Frames":1,"JSEventListeners":247,"Nodes":2449,"LayoutCount":67,"RecalcStyleCount":105,"LayoutDuration":0.049936,"RecalcStyleDuration":0.027205,"ScriptDuration":0.250908,"TaskDuration":134.275587,"JSHeapUsedSize":2245382544,"JSHeapTotalSize":2846892032}
{"Timestamp":28017.842394,"Documents":1,"Frames":1,"JSEventListeners":247,"Nodes":2560,"LayoutCount":84,"RecalcStyleCount":123,"LayoutDuration":0.055322,"RecalcStyleDuration":0.035422,"ScriptDuration":0.400081,"TaskDuration":134.683509,"JSHeapUsedSize":1001696300,"JSHeapTotalSize":2445144064}
{"Timestamp":28152.644214,"Documents":1,"Frames":1,"JSEventListeners":247,"Nodes":2566,"LayoutCount":84,"RecalcStyleCount":122,"LayoutDuration":0.055993,"RecalcStyleDuration":0.033729,"ScriptDuration":0.399402,"TaskDuration":134.051923,"JSHeapUsedSize":1848173512,"JSHeapTotalSize":2814734336}
