{"Timestamp":11317.169092,"Documents":1,"Frames":1,"JSEventListeners":482,"Nodes":6746,"LayoutCount":232,"RecalcStyleCount":323,"LayoutDuration":0.082202,"RecalcStyleDuration":0.050196,"ScriptDuration":0.634568,"TaskDuration":152.872339,"JSHeapUsedSize":1097878104,"JSHeapTotalSize":1883684864}
{"Timestamp":11523.648825,"Documents":1,"Frames":1,"JSEventListeners":482,"Nodes":6746,"LayoutCount":232,"RecalcStyleCount":324,"LayoutDuration":0.082422,"RecalcStyleDuration":0.052414,"ScriptDuration":0.654202,"TaskDuration":153.768272,"JSHeapUsedSize":1108234284,"JSHeapTotalSize":2007261184}
{"Timestamp":11733.15702,"Documents":1,"Frames":1,"JSEventListeners":482,"Nodes":6750,"LayoutCount":232,"RecalcStyleCount":323,"LayoutDuration":0.081832,"RecalcStyleDuration":0.049684,"ScriptDuration":0.635027,"TaskDuration":156.379287,"JSHeapUsedSize":1405590336,"JSHeapTotalSize":2237894656}
{"Timestamp":11940.88622,"Documents":1,"Frames":1,"JSEventListeners":475,"Nodes":6754,"LayoutCount":232,"RecalcStyleCount":323,"LayoutDuration":0.081158,"RecalcStyleDuration":0.05017,"ScriptDuration":0.665765,"TaskDuration":154.437795,"JSHeapUsedSize":1818256104,"JSHeapTotalSize":1937448960}
{"Timestamp":12145.81444,"Documents":1,"Frames":1,"JSEventListeners":482,"Nodes":6750,"LayoutCount":232,"RecalcStyleCount":324,"LayoutDuration":0.082714,"RecalcStyleDuration":0.050303,"ScriptDuration":0.655274,"TaskDuration":151.66925,"JSHeapUsedSize":1355481808,"JSHeapTotalSize":1785638912}
{"Timestamp":12355.731986,"Documents":1,"Frames":1,"JSEventListeners":482,"Nodes":6752,"LayoutCount":232,"RecalcStyleCount":322,"LayoutDuration":0.083079,"RecalcStyleDuration":0.050169,"ScriptDuration":0.630638,"TaskDuration":155.631056,"JSHeapUsedSize":1701097132,"JSHeapTotalSize":2091716608}
{"Timestamp":12563.145869,"Documents":1,"Frames":1,"JSEventListeners":482,"Nodes":6752,"LayoutCount":232,"RecalcStyleCount":324,"LayoutDuration":0.082219,"RecalcStyleDuration":0.050116,"ScriptDuration":0.609059,"TaskDuration":154.273236,"JSHeapUsedSize":1679774092,"JSHeapTotalSize":2344738816}
{"Timestamp":12771.832689,"Documents":1,"Frames":1,"JSEventListeners":482,"Nodes":6745,"LayoutCount":232,"RecalcStyleCount":323,"LayoutDuration":0.081333,"RecalcStyleDuration":0.049653,"ScriptDuration":0.637394,"TaskDuration":155.28506,"JSHeapUsedSize":964173588,"JSHeapTotalSize":2107195392}
{"Timestamp":12980.524963,"Documents":1,"Frames":1,"JSEventListeners":482,"Nodes":6746,"LayoutCount":232,"RecalcStyleCount":323,"LayoutDuration":0.083043,"RecalcStyleDuration":0.050351,"ScriptDuration":0.650021,"TaskDuration":156.018795,"JSHeapUsedSize":1180760128,"JSHeapTotalSize":2243817472}
{"Timestamp":13189.88266,"Documents":1,"Frames":1,"JSEventListeners":482,"Nodes":6752,"LayoutCount":232,"RecalcStyleCount":323,"LayoutDuration":0.083206,"RecalcStyleDuration":0.050137,"ScriptDuration":0.649001,"TaskDuration":155.74945,"JSHeapUsedSize":1650496452,"JSHeapTotalSize":2064502784}
