{"Timestamp":48957.797253,"Documents":1,"Frames":1,"JSEventListeners":247,"Nodes":2536,"LayoutCount":104,"RecalcStyleCount":133,"LayoutDuration":0.063479,"RecalcStyleDuration":0.035899,"ScriptDuration":0.38685,"TaskDuration":107.194948,"JSHeapUsedSize":1735112344,"JSHeapTotalSize":2156957696}
{"Timestamp":49064.503371,"Documents":1,"Frames":1,"JSEventListeners":247,"Nodes":2535,"LayoutCount":104,"RecalcStyleCount":132,"LayoutDuration":0.063885,"RecalcStyleDuration":0.034947,"ScriptDuration":0.38753,"TaskDuration":105.952699,"JSHeapUsedSize":1275164808,"JSHeapTotalSize":2276528128}
{"Timestamp":49172.306027,"Documents":1,"Frames":1,"JSEventListeners":247,"Nodes":2533,"LayoutCount":104,"RecalcStyleCount":133,"LayoutDuration":0.060745,"RecalcStyleDuration":0.034117,"ScriptDuration":0.377628,"TaskDuration":107.047294,"JSHeapUsedSize":910015532,"JSHeapTotalSize":2145787904}
{"Timestamp":49279.65036,"Documents":1,"Frames":1,"JSEventListeners":247,"Nodes":2536,"LayoutCount":104,"RecalcStyleCount":132,"LayoutDuration":0.065188,"RecalcStyleDuration":0.036079,"ScriptDuration":0.380574,"TaskDuration":106.611355,"JSHeapUsedSize":1638612216,"JSHeapTotalSize":2231824384}
{"Timestamp":49387.577046,"Documents":1,"Frames":1,"JSEventListeners":247,"Nodes":2535,"LayoutCount":104,"RecalcStyleCount":133,"LayoutDuration":0.063334,"RecalcStyleDuration":0.035101,"ScriptDuration":0.383374,"TaskDuration":107.120389,"JSHeapUsedSize":1228645296,"JSHeapTotalSize":2276728832}
{"Timestamp":49497.229767,"Documents":1,"Frames":1,"JSEventListeners":247,"Nodes":2534,"LayoutCount":104,"RecalcStyleCount":133,"LayoutDuration":0.062629,"RecalcStyleDuration":0.034438,"ScriptDuration":0.37668,"TaskDuration":108.909562,"JSHeapUsedSize":1050854036,"JSHeapTotalSize":2229706752}
{"Timestamp":49603.370553,"Documents":1,"Frames":1,"JSEventListeners":247,"Nodes":2542,"LayoutCount":104,"RecalcStyleCount":133,"LayoutDuration":0.062396,"RecalcStyleDuration":0.034016,"ScriptDuration":0.384671,"TaskDuration":105.409714,"JSHeapUsedSize":2784849516,"JSHeapTotalSize":2915004416}
{"Timestamp":49709.126282,"Documents":1,"Frames":1,"JSEventListeners":247,"Nodes":2537,"LayoutCount":104,"RecalcStyleCount":132,"LayoutDuration":0.062068,"RecalcStyleDuration":0.033469,"ScriptDuration":0.373381,"TaskDuration":104.98875,"JSHeapUsedSize":1768726960,"JSHeapTotalSize":2175315968}
{"Timestamp":49816.875907,"Documents":1,"Frames":1,"JSEventListeners":241,"Nodes":2528,"LayoutCount":104,"RecalcStyleCount":133,"LayoutDuration":0.06163,"RecalcStyleDuration":0.035061,"ScriptDuration":0.383271,"TaskDuration":106.942123,"JSHeapUsedSize":164526416,"JSHeapTotalSize":1303166976}
{"Timestamp":49925.313896,"Documents":1,"Frames":1,"JSEventListeners":247,"Nodes":2531,"LayoutCount":104,"RecalcStyleCount":132,"LayoutDuration":0.063357,"RecalcStyleDuration":0.03528,"ScriptDuration":0.386268,"TaskDuration":107.684594,"JSHeapUsedSize":678781140,"JSHeapTotalSize":2174783488}
{"Timestamp":53551.230971,"Documents":1,"Frames":1,"JSEventListeners":245,"Nodes":2411,"LayoutCount":69,"RecalcStyleCount":105,"LayoutDuration":0.051266,"RecalcStyleDuration":0.02809,"ScriptDuration":0.224802,"TaskDuration":2.377685,"JSHeapUsedSize":39730400,"JSHeapTotalSize":115494912}
{"Timestamp":53554.320373,"Documents":1,"Frames":1,"JSEventListeners":245,"Nodes":2413,"LayoutCount":69,"RecalcStyleCount":106,"LayoutDuration":0.051807,"RecalcStyleDuration":0.027542,"ScriptDuration":0.235,"TaskDuration":2.538227,"JSHeapUsedSize":46085168,"JSHeapTotalSize":116019200}
{"Timestamp":53557.384393,"Documents":1,"Frames":1,"JSEventListeners":239,"Nodes":2409,"LayoutCount":69,"RecalcStyleCount":105,"LayoutDuration":0.050273,"RecalcStyleDuration":0.027584,"ScriptDuration":0.229135,"TaskDuration":2.494426,"JSHeapUsedSize":38623296,"JSHeapTotalSize":117067776}
{"Timestamp":53560.357929,"Documents":1,"Frames":1,"JSEventListeners":238,"Nodes":2414,"LayoutCount":69,"RecalcStyleCount":104,"LayoutDuration":0.050919,"RecalcStyleDuration":0.0276,"ScriptDuration":0.226713,"TaskDuration":2.397632,"JSHeapUsedSize":49181784,"JSHeapTotalSize":113135616}
{"Timestamp":53563.262409,"Documents":1,"Frames":1,"JSEventListeners":245,"Nodes":2412,"LayoutCount":69,"RecalcStyleCount":105,"LayoutDuration":0.050206,"RecalcStyleDuration":0.027185,"ScriptDuration":0.223939,"TaskDuration":2.370209,"JSHeapUsedSize":46155092,"JSHeapTotalSize":105533440}
{"Timestamp":53566.293556,"Documents":1,"Frames":1,"JSEventListeners":245,"Nodes":2413,"LayoutCount":69,"RecalcStyleCount":104,"LayoutDuration":0.05106,"RecalcStyleDuration":0.027226,"ScriptDuration":0.227281,"TaskDuration":2.434466,"JSHeapUsedSize":48857296,"JSHeapTotalSize":112611328}
{"Timestamp":53569.216463,"Documents":1,"Frames":1,"JSEventListeners":245,"Nodes":2412,"LayoutCount":68,"RecalcStyleCount":104,"LayoutDuration":0.051779,"RecalcStyleDuration":0.027621,"ScriptDuration":0.222143,"TaskDuration":2.346277,"JSHeapUsedSize":45758904,"JSHeapTotalSize":117067776}
{"Timestamp":53572.137586,"Documents":1,"Frames":1,"JSEventListeners":238,"Nodes":2412,"LayoutCount":69,"RecalcStyleCount":106,"LayoutDuration":0.050418,"RecalcStyleDuration":0.027507,"ScriptDuration":0.227673,"TaskDuration":2.351834,"JSHeapUsedSize":49639232,"JSHeapTotalSize":118116352}
{"Timestamp":53575.049625,"Documents":1,"Frames":1,"JSEventListeners":245,"Nodes":2411,"LayoutCount":69,"RecalcStyleCount":104,"LayoutDuration":0.051913,"RecalcStyleDuration":0.027709,"ScriptDuration":0.225847,"TaskDuration":2.378842,"JSHeapUsedSize":45683732,"JSHeapTotalSize":110514176}
{"Timestamp":53578.117095,"Documents":1,"Frames":1,"JSEventListeners":245,"Nodes":2415,"LayoutCount":69,"RecalcStyleCount":105,"LayoutDuration":0.050836,"RecalcStyleDuration":0.028155,"ScriptDuration":0.236416,"TaskDuration":2.521731,"JSHeapUsedSize":53637740,"JSHeapTotalSize":109989888}
