{"Timestamp":70151.816913,"Documents":1,"Frames":1,"JSEventListeners":375,"Nodes":5101,"LayoutCount":111,"RecalcStyleCount":181,"LayoutDuration":0.069666,"RecalcStyleDuration":0.04371,"ScriptDuration":0.379875,"TaskDuration":64.219671,"JSHeapUsedSize":1470315896,"JSHeapTotalSize":1574789120}
{"Timestamp":70220.734136,"Documents":1,"Frames":1,"JSEventListeners":375,"Nodes":5097,"LayoutCount":111,"RecalcStyleCount":181,"LayoutDuration":0.058682,"RecalcStyleDuration":0.035653,"ScriptDuration":0.303373,"TaskDuration":60.740721,"JSHeapUsedSize":1409732964,"JSHeapTotalSize":1509351424}
{"Timestamp":70292.581853,"Documents":1,"Frames":1,"JSEventListeners":375,"Nodes":5099,"LayoutCount":111,"RecalcStyleCount":182,"LayoutDuration":0.058503,"RecalcStyleDuration":0.035618,"ScriptDuration":0.310848,"TaskDuration":64.200129,"JSHeapUsedSize":1441954064,"JSHeapTotalSize":1542377472}
{"Timestamp":70359.196219,"Documents":1,"Frames":1,"JSEventListeners":375,"Nodes":5099,"LayoutCount":111,"RecalcStyleCount":181,"LayoutDuration":0.058295,"RecalcStyleDuration":0.035334,"ScriptDuration":0.327121,"TaskDuration":58.231081,"JSHeapUsedSize":1435293236,"JSHeapTotalSize":1536929792}
{"Timestamp":70421.872608,"Documents":1,"Frames":1,"JSEventListeners":375,"Nodes":5101,"LayoutCount":111,"RecalcStyleCount":182,"LayoutDuration":0.058388,"RecalcStyleDuration":0.03596,"ScriptDuration":0.320131,"TaskDuration":60.267255,"JSHeapUsedSize":1635893436,"JSHeapTotalSize":1742282752}
{"Timestamp":70489.978069,"Documents":1,"Frames":1,"JSEventListeners":375,"Nodes":5099,"LayoutCount":111,"RecalcStyleCount":181,"LayoutDuration":0.058131,"RecalcStyleDuration":0.03619,"ScriptDuration":0.342487,"TaskDuration":60.21937,"JSHeapUsedSize":1445674764,"JSHeapTotalSize":1545048064}
{"Timestamp":70559.653352,"Documents":1,"Frames":1,"JSEventListeners":375,"Nodes":5071,"LayoutCount":111,"RecalcStyleCount":182,"LayoutDuration":0.057521,"RecalcStyleDuration":0.035677,"ScriptDuration":0.310653,"TaskDuration":61.032234,"JSHeapUsedSize":1079726708,"JSHeapTotalSize":1286017024}
{"Timestamp":70640.688635,"Documents":1,"Frames":1,"JSEventListeners":379,"Nodes":5075,"LayoutCount":115,"RecalcStyleCount":189,"LayoutDuration":0.060121,"RecalcStyleDuration":0.036138,"ScriptDuration":0.318828,"TaskDuration":73.428719,"JSHeapUsedSize":855000948,"JSHeapTotalSize":1847484416}
{"Timestamp":70704.619682,"Documents":1,"Frames":1,"JSEventListeners":375,"Nodes":5097,"LayoutCount":111,"RecalcStyleCount":182,"LayoutDuration":0.05863,"RecalcStyleDuration":0.036237,"ScriptDuration":0.320696,"TaskDuration":59.396306,"JSHeapUsedSize":1416405996,"JSHeapTotalSize":1516851200}
{"Timestamp":70765.135951,"Documents":1,"Frames":1,"JSEventListeners":375,"Nodes":5071,"LayoutCount":111,"RecalcStyleCount":181,"LayoutDuration":0.057286,"RecalcStyleDuration":0.034942,"ScriptDuration":0.337159,"TaskDuration":58.180273,"JSHeapUsedSize":763502420,"JSHeapTotalSize":916025344}
