{"Timestamp":73466.606124,"Documents":1,"Frames":1,"JSEventListeners":481,"Nodes":7670,"LayoutCount":141,"RecalcStyleCount":214,"LayoutDuration":0.066967,"RecalcStyleDuration":0.046029,"ScriptDuration":0.591903,"TaskDuration":105.848234,"JSHeapUsedSize":1279274404,"JSHeapTotalSize":2561241088}
{"Timestamp":73557.182154,"Documents":1,"Frames":1,"JSEventListeners":457,"Nodes":7777,"LayoutCount":131,"RecalcStyleCount":183,"LayoutDuration":0.06329,"RecalcStyleDuration":0.04451,"ScriptDuration":0.808156,"TaskDuration":86.664743,"JSHeapUsedSize":1578028808,"JSHeapTotalSize":2483830784}
{"Timestamp":73630.105463,"Documents":1,"Frames":1,"JSEventListeners":479,"Nodes":7774,"LayoutCount":139,"RecalcStyleCount":210,"LayoutDuration":0.0661,"RecalcStyleDuration":0.046833,"ScriptDuration":0.614543,"TaskDuration":65.860421,"JSHeapUsedSize":1685485372,"JSHeapTotalSize":1793978368}
{"Timestamp":73702.971256,"Documents":1,"Frames":1,"JSEventListeners":481,"Nodes":7800,"LayoutCount":141,"RecalcStyleCount":214,"LayoutDuration":0.066919,"RecalcStyleDuration":0.045946,"ScriptDuration":0.60466,"TaskDuration":72.039322,"JSHeapUsedSize":1786552152,"JSHeapTotalSize":1909481472}
{"Timestamp":73814.122158,"Documents":1,"Frames":1,"JSEventListeners":487,"Nodes":7706,"LayoutCount":147,"RecalcStyleCount":226,"LayoutDuration":0.075225,"RecalcStyleDuration":0.047394,"ScriptDuration":0.637664,"TaskDuration":107.162227,"JSHeapUsedSize":2290094880,"JSHeapTotalSize":2480205824}
{"Timestamp":73905.595017,"Documents":1,"Frames":1,"JSEventListeners":457,"Nodes":7838,"LayoutCount":124,"RecalcStyleCount":176,"LayoutDuration":0.068292,"RecalcStyleDuration":0.04393,"ScriptDuration":0.803352,"TaskDuration":88.789327,"JSHeapUsedSize":2092223964,"JSHeapTotalSize":2224865280}
{"Timestamp":74024.442199,"Documents":1,"Frames":1,"JSEventListeners":487,"Nodes":7706,"LayoutCount":147,"RecalcStyleCount":226,"LayoutDuration":0.069312,"RecalcStyleDuration":0.049258,"ScriptDuration":0.6445,"TaskDuration":110.886194,"JSHeapUsedSize":2277803864,"JSHeapTotalSize":2500280320}
{"Timestamp":74131.905996,"Documents":1,"Frames":1,"JSEventListeners":487,"Nodes":7708,"LayoutCount":147,"RecalcStyleCount":226,"LayoutDuration":0.066707,"RecalcStyleDuration":0.046224,"ScriptDuration":0.622381,"TaskDuration":103.836295,"JSHeapUsedSize":1793936720,"JSHeapTotalSize":2681860096}
{"Timestamp":74225.155506,"Documents":1,"Frames":1,"JSEventListeners":479,"Nodes":7764,"LayoutCount":139,"RecalcStyleCount":209,"LayoutDuration":0.065571,"RecalcStyleDuration":0.045338,"ScriptDuration":0.618929,"TaskDuration":88.462059,"JSHeapUsedSize":1799286752,"JSHeapTotalSize":2600554496}
{"Timestamp":74318.200266,"Documents":1,"Frames":1,"JSEventListeners":479,"Nodes":7676,"LayoutCount":139,"RecalcStyleCount":209,"LayoutDuration":0.069083,"RecalcStyleDuration":0.047732,"ScriptDuration":0.602968,"TaskDuration":89.753749,"JSHeapUsedSize":1439351388,"JSHeapTotalSize":2391408640}
