{"Timestamp":46122.689787,"Documents":1,"Frames":1,"JSEventListeners":571,"Nodes":8204,"LayoutCount":291,"RecalcStyleCount":408,"LayoutDuration":0.09363,"RecalcStyleDuration":0.057821,"ScriptDuration":0.80795,"TaskDuration":206.299611,"JSHeapUsedSize":1462989996,"JSHeapTotalSize":2443468800}
{"Timestamp":46392.908986,"Documents":1,"Frames":1,"JSEventListeners":571,"Nodes":8210,"LayoutCount":291,"RecalcStyleCount":409,"LayoutDuration":0.09378,"RecalcStyleDuration":0.058851,"ScriptDuration":0.801226,"TaskDuration":214.625678,"JSHeapUsedSize":2038015532,"JSHeapTotalSize":2377236480}
{"Timestamp":46662.223075,"Documents":1,"Frames":1,"JSEventListeners":571,"Nodes":8211,"LayoutCount":291,"RecalcStyleCount":409,"LayoutDuration":0.101669,"RecalcStyleDuration":0.059826,"ScriptDuration":0.810422,"TaskDuration":215.675125,"JSHeapUsedSize":2237213384,"JSHeapTotalSize":2360336384}
{"Timestamp":46882.144041,"Documents":1,"Frames":1,"JSEventListeners":539,"Nodes":8038,"LayoutCount":240,"RecalcStyleCount":333,"LayoutDuration":0.08561,"RecalcStyleDuration":0.054906,"ScriptDuration":0.693539,"TaskDuration":165.351871,"JSHeapUsedSize":1576573912,"JSHeapTotalSize":2082226176}
{"Timestamp":47200.72151,"Documents":1,"Frames":1,"JSEventListeners":571,"Nodes":8211,"LayoutCount":291,"RecalcStyleCount":408,"LayoutDuration":0.100293,"RecalcStyleDuration":0.058826,"ScriptDuration":0.80451,"TaskDuration":213.869305,"JSHeapUsedSize":2113239996,"JSHeapTotalSize":2333106176}
{"Timestamp":47473.489326,"Documents":1,"Frames":1,"JSEventListeners":571,"Nodes":8208,"LayoutCount":291,"RecalcStyleCount":409,"LayoutDuration":0.094803,"RecalcStyleDuration":0.05852,"ScriptDuration":0.829134,"TaskDuration":217.257303,"JSHeapUsedSize":1917656464,"JSHeapTotalSize":2483859456}
{"Timestamp":47743.195948,"Documents":1,"Frames":1,"JSEventListeners":571,"Nodes":8211,"LayoutCount":291,"RecalcStyleCount":408,"LayoutDuration":0.096191,"RecalcStyleDuration":0.057074,"ScriptDuration":0.803905,"TaskDuration":213.949958,"JSHeapUsedSize":2234865252,"JSHeapTotalSize":2355408896}
{"Timestamp":48014.186351,"Documents":1,"Frames":1,"JSEventListeners":571,"Nodes":8204,"LayoutCount":291,"RecalcStyleCount":409,"LayoutDuration":0.095466,"RecalcStyleDuration":0.059036,"ScriptDuration":0.82517,"TaskDuration":215.154026,"JSHeapUsedSize":1521595560,"JSHeapTotalSize":2228887552}
{"Timestamp":48281.351681,"Documents":1,"Frames":1,"JSEventListeners":571,"Nodes":8205,"LayoutCount":291,"RecalcStyleCount":409,"LayoutDuration":0.092514,"RecalcStyleDuration":0.05722,"ScriptDuration":0.788919,"TaskDuration":211.774907,"JSHeapUsedSize":1583091376,"JSHeapTotalSize":2376585216}
{"Timestamp":48492.066802,"Documents":1,"Frames":1,"JSEventListeners":539,"Nodes":7622,"LayoutCount":197,"RecalcStyleCount":288,"LayoutDuration":0.078679,"RecalcStyleDuration":0.045584,"ScriptDuration":0.374739,"TaskDuration":157.804923,"JSHeapUsedSize":1670094264,"JSHeapTotalSize":1986949120}
{"Timestamp":53389.994641,"Documents":1,"Frames":1,"JSEventListeners":535,"Nodes":7654,"LayoutCount":174,"RecalcStyleCount":277,"LayoutDuration":0.070519,"RecalcStyleDuration":0.042584,"ScriptDuration":0.373405,"TaskDuration":4.183379,"JSHeapUsedSize":226297224,"JSHeapTotalSize":248037376}
{"Timestamp":53396.021177,"Documents":1,"Frames":1,"JSEventListeners":541,"Nodes":7663,"LayoutCount":186,"RecalcStyleCount":292,"LayoutDuration":0.069136,"RecalcStyleDuration":0.042222,"ScriptDuration":0.331128,"TaskDuration":4.297351,"JSHeapUsedSize":226256404,"JSHeapTotalSize":249085952}
{"Timestamp":53401.991267,"Documents":1,"Frames":1,"JSEventListeners":537,"Nodes":7657,"LayoutCount":178,"RecalcStyleCount":282,"LayoutDuration":0.069901,"RecalcStyleDuration":0.042097,"ScriptDuration":0.321035,"TaskDuration":4.325804,"JSHeapUsedSize":229725784,"JSHeapTotalSize":248037376}
{"Timestamp":53408.204252,"Documents":1,"Frames":1,"JSEventListeners":531,"Nodes":7651,"LayoutCount":169,"RecalcStyleCount":272,"LayoutDuration":0.067898,"RecalcStyleDuration":0.042757,"ScriptDuration":0.333705,"TaskDuration":4.463634,"JSHeapUsedSize":222636156,"JSHeapTotalSize":243843072}
{"Timestamp":53414.342407,"Documents":1,"Frames":1,"JSEventListeners":535,"Nodes":7654,"LayoutCount":174,"RecalcStyleCount":277,"LayoutDuration":0.066922,"RecalcStyleDuration":0.043131,"ScriptDuration":0.321481,"TaskDuration":4.275147,"JSHeapUsedSize":225672404,"JSHeapTotalSize":247513088}
{"Timestamp":53420.029637,"Documents":1,"Frames":1,"JSEventListeners":549,"Nodes":7675,"LayoutCount":194,"RecalcStyleCount":308,"LayoutDuration":0.073437,"RecalcStyleDuration":0.044357,"ScriptDuration":0.321035,"TaskDuration":4.578608,"JSHeapUsedSize":233122564,"JSHeapTotalSize":253542400}
{"Timestamp":53425.892349,"Documents":1,"Frames":1,"JSEventListeners":535,"Nodes":7654,"LayoutCount":178,"RecalcStyleCount":279,"LayoutDuration":0.070146,"RecalcStyleDuration":0.042741,"ScriptDuration":0.321922,"TaskDuration":4.201929,"JSHeapUsedSize":223202724,"JSHeapTotalSize":246726656}
{"Timestamp":53432.043318,"Documents":1,"Frames":1,"JSEventListeners":537,"Nodes":7657,"LayoutCount":174,"RecalcStyleCount":280,"LayoutDuration":0.069095,"RecalcStyleDuration":0.044141,"ScriptDuration":0.321052,"TaskDuration":4.387355,"JSHeapUsedSize":225240688,"JSHeapTotalSize":246726656}
{"Timestamp":53438.242852,"Documents":1,"Frames":1,"JSEventListeners":543,"Nodes":7666,"LayoutCount":188,"RecalcStyleCount":295,"LayoutDuration":0.073357,"RecalcStyleDuration":0.044021,"ScriptDuration":0.315907,"TaskDuration":4.387212,"JSHeapUsedSize":227817824,"JSHeapTotalSize":250134528}
{"Timestamp":53444.178806,"Documents":1,"Frames":1,"JSEventListeners":539,"Nodes":7660,"LayoutCount":180,"RecalcStyleCount":286,"LayoutDuration":0.069128,"RecalcStyleDuration":0.04285,"ScriptDuration":0.302105,"TaskDuration":4.154909,"JSHeapUsedSize":228842528,"JSHeapTotalSize":249348096}
