{"Timestamp":31237.177695,"Documents":1,"Frames":1,"JSEventListeners":366,"Nodes":5136,"LayoutCount":100,"RecalcStyleCount":146,"LayoutDuration":0.063201,"RecalcStyleDuration":0.042551,"ScriptDuration":0.484442,"TaskDuration":180.761535,"JSHeapUsedSize":3019029668,"JSHeapTotalSize":3496718336}
