{"Timestamp":14016.829128,"Documents":1,"Frames":1,"JSEventListeners":571,"Nodes":8202,"LayoutCount":290,"RecalcStyleCount":407,"LayoutDuration":0.097183,"RecalcStyleDuration":0.056483,"ScriptDuration":0.763686,"TaskDuration":205.858805,"JSHeapUsedSize":1260466044,"JSHeapTotalSize":2295390208}
{"Timestamp":14280.211477,"Documents":1,"Frames":1,"JSEventListeners":571,"Nodes":8204,"LayoutCount":291,"RecalcStyleCount":409,"LayoutDuration":0.091478,"RecalcStyleDuration":0.057426,"ScriptDuration":0.785919,"TaskDuration":209.318153,"JSHeapUsedSize":1487164808,"JSHeapTotalSize":2441175040}
{"Timestamp":14541.550148,"Documents":1,"Frames":1,"JSEventListeners":571,"Nodes":8210,"LayoutCount":290,"RecalcStyleCount":408,"LayoutDuration":0.091207,"RecalcStyleDuration":0.056547,"ScriptDuration":0.74693,"TaskDuration":207.513329,"JSHeapUsedSize":2036317212,"JSHeapTotalSize":2353324032}
{"Timestamp":14805.7489,"Documents":1,"Frames":1,"JSEventListeners":564,"Nodes":7928,"LayoutCount":269,"RecalcStyleCount":387,"LayoutDuration":0.086725,"RecalcStyleDuration":0.054141,"ScriptDuration":0.611557,"TaskDuration":210.892551,"JSHeapUsedSize":1762115392,"JSHeapTotalSize":2442493952}
{"Timestamp":15066.996388,"Documents":1,"Frames":1,"JSEventListeners":571,"Nodes":8210,"LayoutCount":291,"RecalcStyleCount":409,"LayoutDuration":0.092144,"RecalcStyleDuration":0.059055,"ScriptDuration":0.789559,"TaskDuration":207.646659,"JSHeapUsedSize":2029469048,"JSHeapTotalSize":2372415488}
{"Timestamp":15326.542431,"Documents":1,"Frames":1,"JSEventListeners":564,"Nodes":8070,"LayoutCount":280,"RecalcStyleCount":397,"LayoutDuration":0.090989,"RecalcStyleDuration":0.055507,"ScriptDuration":0.646824,"TaskDuration":205.72545,"JSHeapUsedSize":1774053508,"JSHeapTotalSize":2140119040}
{"Timestamp":15587.222488,"Documents":1,"Frames":1,"JSEventListeners":571,"Nodes":8211,"LayoutCount":290,"RecalcStyleCount":408,"LayoutDuration":0.091802,"RecalcStyleDuration":0.057092,"ScriptDuration":0.767918,"TaskDuration":207.124835,"JSHeapUsedSize":2237059264,"JSHeapTotalSize":2354057216}
{"Timestamp":15849.306085,"Documents":1,"Frames":1,"JSEventListeners":564,"Nodes":7928,"LayoutCount":269,"RecalcStyleCount":386,"LayoutDuration":0.089696,"RecalcStyleDuration":0.056035,"ScriptDuration":0.576052,"TaskDuration":209.103898,"JSHeapUsedSize":1751267024,"JSHeapTotalSize":2402172928}
{"Timestamp":16058.465907,"Documents":1,"Frames":1,"JSEventListeners":539,"Nodes":7615,"LayoutCount":197,"RecalcStyleCount":289,"LayoutDuration":0.076856,"RecalcStyleDuration":0.044126,"ScriptDuration":0.370686,"TaskDuration":157.366742,"JSHeapUsedSize":1214338524,"JSHeapTotalSize":2196684800}
{"Timestamp":16367.214157,"Documents":1,"Frames":1,"JSEventListeners":571,"Nodes":8208,"LayoutCount":290,"RecalcStyleCount":408,"LayoutDuration":0.091496,"RecalcStyleDuration":0.05726,"ScriptDuration":0.757399,"TaskDuration":205.160296,"JSHeapUsedSize":1892025932,"JSHeapTotalSize":2472210432}
