{"Timestamp":66672.89492,"Documents":1,"Frames":1,"JSEventListeners":513,"Nodes":7637,"LayoutCount":197,"RecalcStyleCount":276,"LayoutDuration":0.088281,"RecalcStyleDuration":0.050293,"ScriptDuration":0.397576,"TaskDuration":89.311082,"JSHeapUsedSize":1039265560,"JSHeapTotalSize":2007433216}
{"Timestamp":66755.716038,"Documents":1,"Frames":1,"JSEventListeners":517,"Nodes":7625,"LayoutCount":213,"RecalcStyleCount":291,"LayoutDuration":0.093043,"RecalcStyleDuration":0.050107,"ScriptDuration":0.362294,"TaskDuration":79.36679,"JSHeapUsedSize":931644948,"JSHeapTotalSize":1147052032}
{"Timestamp":66840.092751,"Documents":1,"Frames":1,"JSEventListeners":513,"Nodes":7632,"LayoutCount":209,"RecalcStyleCount":283,"LayoutDuration":0.096397,"RecalcStyleDuration":0.054854,"ScriptDuration":0.379271,"TaskDuration":77.688564,"JSHeapUsedSize":1696833828,"JSHeapTotalSize":1808470016}
{"Timestamp":66930.765425,"Documents":1,"Frames":1,"JSEventListeners":513,"Nodes":7640,"LayoutCount":197,"RecalcStyleCount":277,"LayoutDuration":0.089904,"RecalcStyleDuration":0.04858,"ScriptDuration":0.354625,"TaskDuration":87.357923,"JSHeapUsedSize":931408752,"JSHeapTotalSize":1193234432}
{"Timestamp":67014.658665,"Documents":1,"Frames":1,"JSEventListeners":513,"Nodes":7627,"LayoutCount":205,"RecalcStyleCount":280,"LayoutDuration":0.089069,"RecalcStyleDuration":0.048289,"ScriptDuration":0.369092,"TaskDuration":80.462604,"JSHeapUsedSize":1613867076,"JSHeapTotalSize":1728684032}
{"Timestamp":67108.029179,"Documents":1,"Frames":1,"JSEventListeners":513,"Nodes":7640,"LayoutCount":197,"RecalcStyleCount":277,"LayoutDuration":0.08736,"RecalcStyleDuration":0.049244,"ScriptDuration":0.362947,"TaskDuration":88.576892,"JSHeapUsedSize":1136246528,"JSHeapTotalSize":2084179968}
{"Timestamp":67190.336898,"Documents":1,"Frames":1,"JSEventListeners":517,"Nodes":7652,"LayoutCount":201,"RecalcStyleCount":285,"LayoutDuration":0.08681,"RecalcStyleDuration":0.049299,"ScriptDuration":0.355772,"TaskDuration":78.861635,"JSHeapUsedSize":889413984,"JSHeapTotalSize":1115602944}
{"Timestamp":67286.206769,"Documents":1,"Frames":1,"JSEventListeners":519,"Nodes":7674,"LayoutCount":203,"RecalcStyleCount":289,"LayoutDuration":0.087236,"RecalcStyleDuration":0.051079,"ScriptDuration":0.363972,"TaskDuration":89.434915,"JSHeapUsedSize":1714594416,"JSHeapTotalSize":1927139328}
{"Timestamp":67373.215465,"Documents":1,"Frames":1,"JSEventListeners":519,"Nodes":7635,"LayoutCount":217,"RecalcStyleCount":295,"LayoutDuration":0.092784,"RecalcStyleDuration":0.052325,"ScriptDuration":0.350048,"TaskDuration":82.060822,"JSHeapUsedSize":1628779152,"JSHeapTotalSize":1743253504}
{"Timestamp":67455.316956,"Documents":1,"Frames":1,"JSEventListeners":515,"Nodes":7614,"LayoutCount":209,"RecalcStyleCount":285,"LayoutDuration":0.094431,"RecalcStyleDuration":0.054129,"ScriptDuration":0.387664,"TaskDuration":80.193955,"JSHeapUsedSize":927038124,"JSHeapTotalSize":1667289088}
